registry_id,school_name,region,district,town,levels,priority,email,email_raw,proprietor,decision_maker,decision_maker_role,phone,whatsapp,website,ownership_evidence,ownership_source,email_source,phone_source,checked_at,verification,caveats,hold_reason,lead_id,day,batch,release_hour,send_status,permission_status,gmail_message_id,sent_at,reply_status,waiting_list,suppressed
654,JOHNEVE SCHOOL COMPLEX,Central,KOMENDA EDINA EGUAFO ABIREM,Ataabadze,KG PRI JHS,Private basic school,johneveobeng@gmail.com,johneveobeng@gmail.com,,,,,,,NaSIA explicitly classifies private,https://nasia.gov.gh/nasiadashboard/api.php?action=licensing_detail&id=654,https://nasia.gov.gh/nasiadashboard/api.php?action=licensing_detail&id=654,,2026-09-28,Published address; mailbox and current role unconfirmed,,,VSS-0335,3,1,09:00,Not sent,Public contact; outreach preference unconfirmed,,,,Not joined,No
976,LITTLE SHEPHERD INTERNATIONAL SCHOOL,Central,KOMENDA EDINA EGUAFO ABIREM,Mantsemankabi,KG PRI JHS,Private basic school,littleshepherdinternationals@gmail.com,littleshepherdinternationals@gmail.com,,,,,,,NaSIA explicitly classifies private,https://nasia.gov.gh/nasiadashboard/api.php?action=licensing_detail&id=976,https://nasia.gov.gh/nasiadashboard/api.php?action=licensing_detail&id=976,,2026-09-28,Published address; mailbox and current role unconfirmed,,,VSS-0336,3,1,09:00,Not sent,Public contact; outreach preference unconfirmed,,,,Not joined,No
365,LIVING HOPE ACADEMY,Central,KOMENDA EDINA EGUAFO ABIREM,Abbina,KG PRI JHS,Private basic school,livinghopeacademy4christ@gmail.com,livinghopeacademy4christ@gmail.com,,,,,,,NaSIA explicitly classifies private,https://nasia.gov.gh/nasiadashboard/api.php?action=licensing_detail&id=365,https://nasia.gov.gh/nasiadashboard/api.php?action=licensing_detail&id=365,,2026-09-28,Published address; mailbox and current role unconfirmed,,,VSS-0337,3,1,09:00,Not sent,Public contact; outreach preference unconfirmed,,,,Not joined,No
1321,MONICA YORKE PREPARATORY SCHOOL LTD,Central,KOMENDA EDINA EGUAFO ABIREM,Elmina - Tertermu,KG PRI JHS,Private basic school,perpya@gmail.com,perpya@gmail.com,Agnes Yorke,,,,,,NaSIA explicitly classifies private,https://nasia.gov.gh/nasiadashboard/api.php?action=licensing_detail&id=1321,https://nasia.gov.gh/nasiadashboard/api.php?action=licensing_detail&id=1321,,2026-09-28,Published address; mailbox and current role unconfirmed,,,VSS-0338,3,1,09:00,Not sent,Public contact; outreach preference unconfirmed,,,,Not joined,No
653,MORNING DEW ACADEMY,Central,KOMENDA EDINA EGUAFO ABIREM,Bronyibima -New Site,KG PRI JHS,Private basic school,jt7753182@gmail.com,jt7753182@gmail.com,,,,,,,NaSIA explicitly classifies private,https://nasia.gov.gh/nasiadashboard/api.php?action=licensing_detail&id=653,https://nasia.gov.gh/nasiadashboard/api.php?action=licensing_detail&id=653,,2026-09-28,Published address; mailbox and current role unconfirmed,,,VSS-0339,3,1,09:00,Not sent,Public contact; outreach preference unconfirmed,,,,Not joined,No
652,NEW GOD'S WAY PREPARATORY SCHOOL,Central,KOMENDA EDINA EGUAFO ABIREM,Bronyibima-Afoase,KG PRI,Private basic school,donkorfrancis175@gmail.com,donkorfrancis175@gmail.com,,,,,,,NaSIA explicitly classifies private,https://nasia.gov.gh/nasiadashboard/api.php?action=licensing_detail&id=652,https://nasia.gov.gh/nasiadashboard/api.php?action=licensing_detail&id=652,,2026-09-28,Published address; mailbox and current role unconfirmed,,,VSS-0340,3,1,09:00,Not sent,Public contact; outreach preference unconfirmed,,,,Not joined,No
651,PEACE COMPLEX SCHOOL,Central,KOMENDA EDINA EGUAFO ABIREM,Bronyibima Mantsemankabi,KG PRI JHS,Private basic school,peacecomplexschool@gmail.com,peacecomplexschool@gmail.com,,,,,,,NaSIA explicitly classifies private,https://nasia.gov.gh/nasiadashboard/api.php?action=licensing_detail&id=651,https://nasia.gov.gh/nasiadashboard/api.php?action=licensing_detail&id=651,,2026-09-28,Published address; mailbox and current role unconfirmed,,,VSS-0341,3,1,09:00,Not sent,Public contact; outreach preference unconfirmed,,,,Not joined,No
595,PERFECT PEACE PREPARATORY SCHOOL,Central,KOMENDA EDINA EGUAFO ABIREM,Mempeasem- Elmina,KG PRI JHS,Private basic school,perfectpeacepreparatoryschool@gmail.com,perfectpeacepreparatoryschool@gmail.com,,,,,,,NaSIA explicitly classifies private,https://nasia.gov.gh/nasiadashboard/api.php?action=licensing_detail&id=595,https://nasia.gov.gh/nasiadashboard/api.php?action=licensing_detail&id=595,,2026-09-28,Published address; mailbox and current role unconfirmed,,,VSS-0342,3,1,09:00,Not sent,Public contact; outreach preference unconfirmed,,,,Not joined,No
1322,ROYAL CROWN ACADEMY-ELMINA,Central,KOMENDA EDINA EGUAFO ABIREM,Pershie-Elmina,KG PRI,Private basic school,royalcrownacademy2020@gmail.com,royalcrownacademy2020@gmail.com,Philip kwesi lude,,,,,,NaSIA explicitly classifies private,https://nasia.gov.gh/nasiadashboard/api.php?action=licensing_detail&id=1322,https://nasia.gov.gh/nasiadashboard/api.php?action=licensing_detail&id=1322,,2026-09-28,Published address; mailbox and current role unconfirmed,,,VSS-0343,3,1,09:00,Not sent,Public contact; outreach preference unconfirmed,,,,Not joined,No
736,SAWYER EDUCATIONAL COMPLEX,Central,KOMENDA EDINA EGUAFO ABIREM,Ntranoa,KG PRI JHS,Private basic school,sawyerreducational@yahoo.com,sawyerreducational@yahoo.com,,,,,,,NaSIA explicitly classifies private,https://nasia.gov.gh/nasiadashboard/api.php?action=licensing_detail&id=736,https://nasia.gov.gh/nasiadashboard/api.php?action=licensing_detail&id=736,,2026-09-28,Published address; mailbox and current role unconfirmed,,,VSS-0344,3,1,09:00,Not sent,Public contact; outreach preference unconfirmed,,,,Not joined,No
974,SENANU FIRST CLASS ACADEMY,Central,KOMENDA EDINA EGUAFO ABIREM,Yesunkwa-off Elmina/takoradi road,KG PRI,Private basic school,pamegedea@gmail.com,pamegedea@gmail.com,,,,,,,NaSIA explicitly classifies private,https://nasia.gov.gh/nasiadashboard/api.php?action=licensing_detail&id=974,https://nasia.gov.gh/nasiadashboard/api.php?action=licensing_detail&id=974,,2026-09-28,Published address; mailbox and current role unconfirmed,,,VSS-0345,3,1,09:00,Not sent,Public contact; outreach preference unconfirmed,,,,Not joined,No
432,ST. ANNE CATHOLIC SCHOOL-NKONTRODO LBG,Central,KOMENDA EDINA EGUAFO ABIREM,Nkontrodo- Elmina,KG PRI JHS,Private basic school,goerginaoforikyei39@gmail.com,goerginaoforikyei39@gmail.com,,,,,,,NaSIA explicitly classifies private,https://nasia.gov.gh/nasiadashboard/api.php?action=licensing_detail&id=432,https://nasia.gov.gh/nasiadashboard/api.php?action=licensing_detail&id=432,,2026-09-28,Published address; mailbox and current role unconfirmed,,,VSS-0346,3,1,09:00,Not sent,Public contact; outreach preference unconfirmed,,,,Not joined,No
594,UNIQUE BRAIN MONTESSORI,Central,KOMENDA EDINA EGUAFO ABIREM,ABREM - AGONA,KG PRI,Private basic school,kodwoassan@gmail.com,kodwoassan@gmail.com,,,,,,,NaSIA explicitly classifies private,https://nasia.gov.gh/nasiadashboard/api.php?action=licensing_detail&id=594,https://nasia.gov.gh/nasiadashboard/api.php?action=licensing_detail&id=594,,2026-09-28,Published address; mailbox and current role unconfirmed,,,VSS-0347,3,1,09:00,Not sent,Public contact; outreach preference unconfirmed,,,,Not joined,No
430,VICTORIA GRAHAM MEMORIAL ROYAL PRIESTHOOD MONTESSORI,Central,KOMENDA EDINA EGUAFO ABIREM,Nsuakyir-Elmina,KG PRI,Private basic school,joynku@gmail.com,joynku@gmail.com,,,,,,,NaSIA explicitly classifies private,https://nasia.gov.gh/nasiadashboard/api.php?action=licensing_detail&id=430,https://nasia.gov.gh/nasiadashboard/api.php?action=licensing_detail&id=430,,2026-09-28,Published address; mailbox and current role unconfirmed,,,VSS-0348,3,1,09:00,Not sent,Public contact; outreach preference unconfirmed,,,,Not joined,No
1319,WISDOM B EDUCATIONAL COMPLEX,Central,KOMENDA EDINA EGUAFO ABIREM,Elmina,KG PRI JHS,Private basic school,wisdombcomplex@gmail.com,wisdombcomplex@gmail.com,Henry Tandoh,,,,,,NaSIA explicitly classifies private,https://nasia.gov.gh/nasiadashboard/api.php?action=licensing_detail&id=1319,https://nasia.gov.gh/nasiadashboard/api.php?action=licensing_detail&id=1319,,2026-09-28,Published address; mailbox and current role unconfirmed,,,VSS-0349,3,1,09:00,Not sent,Public contact; outreach preference unconfirmed,,,,Not joined,No
1245,GRANDE MONTESSORI,Central,TWIFO HEMANG LOWER DENKYIRA,Jukwa,KG PRI JHS,Private basic school,principle@greatmontessoriedu.com,principle@greatmontessoriedu.com,,,,,,WWW.GRANDEMONTESSORI.COM,NaSIA explicitly classifies private,https://nasia.gov.gh/nasiadashboard/api.php?action=licensing_detail&id=1245,https://nasia.gov.gh/nasiadashboard/api.php?action=licensing_detail&id=1245,,2026-09-28,Published address; mailbox and current role unconfirmed,,,VSS-0350,3,1,09:00,Not sent,Public contact; outreach preference unconfirmed,,,,Not joined,No
1289,MBEM BRACE SCHOOL,Central,TWIFO HEMANG LOWER DENKYIRA,JUKWA- MBEM,KG PRI JHS,Private basic school,samuelkorda1@gmail.com,samuelkorda1@gmail.com,,,,,,,NaSIA explicitly classifies private,https://nasia.gov.gh/nasiadashboard/api.php?action=licensing_detail&id=1289,https://nasia.gov.gh/nasiadashboard/api.php?action=licensing_detail&id=1289,,2026-09-28,Published address; mailbox and current role unconfirmed,,,VSS-0351,3,1,09:00,Not sent,Public contact; outreach preference unconfirmed,,,,Not joined,No
1290,NATILLA SCHOOL COMPLEX,Central,TWIFO HEMANG LOWER DENKYIRA,Abrafo odumase,KG PRI JHS,Private basic school,uncle0369@gmail.com,uncle0369@gmail.com,,,,,,,NaSIA explicitly classifies private,https://nasia.gov.gh/nasiadashboard/api.php?action=licensing_detail&id=1290,https://nasia.gov.gh/nasiadashboard/api.php?action=licensing_detail&id=1290,,2026-09-28,Published address; mailbox and current role unconfirmed,,,VSS-0352,3,1,09:00,Not sent,Public contact; outreach preference unconfirmed,,,,Not joined,No
5434,PRASO IDEAL COLLEGE,Central,Twifo Atti Morkwa,TWIFO PRASO,kg pri jhs,Private basic school,emmanessibu@gmail.com,emmanessibu@gmail.com,"SR, JOSEPH KOBINA ESSIBU",,,,,www.idealcollege.org,NaSIA record corroborated by private-school directory,https://www.myschooz.com/explore-schools?region=CENTRAL&school_type=Private&page=40,https://nasia.gov.gh/nasiadashboard/api.php?action=licensing_detail&id=5434,,2026-09-28,Published address; mailbox and current role unconfirmed,,,VSS-0353,3,1,09:00,Not sent,Public contact; outreach preference unconfirmed,,,,Not joined,No
141,WIOSO SHS-ALMA MATER EDUCATION,Ashanti,AHAFO ANO SOUTH WEST,WIOSO,SHS,Private SHS,gordon@almamatereducation.org,gordon@almamatereducation.org,DENNIS ODURO AKOMEA,,,,,www.almamatereducation.org,NaSIA explicitly classifies private,https://nasia.gov.gh/nasiadashboard/api.php?action=licensing_detail&id=141,https://nasia.gov.gh/nasiadashboard/api.php?action=licensing_detail&id=141,,2026-09-28,Published address; mailbox and current role unconfirmed,,,VSS-0354,3,1,09:00,Not sent,Public contact; outreach preference unconfirmed,,,,Not joined,No
97,"ABOT COLLEGE, DOMINASE BEKWAI",Ashanti,BEKWAI,DOMINASE,SHS,Private SHS,abotcollege77@gmail.com,abotcollege77@gmail.com,REBECCA BOBIEH,,,,,,NaSIA explicitly classifies private,https://nasia.gov.gh/nasiadashboard/api.php?action=licensing_detail&id=97,https://nasia.gov.gh/nasiadashboard/api.php?action=licensing_detail&id=97,,2026-09-28,Published address; mailbox and current role unconfirmed,,,VSS-0355,3,1,09:00,Not sent,Public contact; outreach preference unconfirmed,,,,Not joined,No
98,"AMANSIE SENIOR HIGH TECHNICAL SCHOOL- DENYANSE, BEKWAI",Ashanti,BEKWAI,BEKWAI,SHS,Private SHS,princebaafourmensah@gmail.com,princebaafourmensah@gmail.com,PRINCE BAFOUR - MENSAH,,,,,,NaSIA explicitly classifies private,https://nasia.gov.gh/nasiadashboard/api.php?action=licensing_detail&id=98,https://nasia.gov.gh/nasiadashboard/api.php?action=licensing_detail&id=98,,2026-09-28,Published address; mailbox and current role unconfirmed,,,VSS-0356,3,1,09:00,Not sent,Public contact; outreach preference unconfirmed,,,,Not joined,No
107,CENTRAL SENIOR HIGH SCHOOL,Ashanti,BEKWAI,DAA,SHS,Private SHS,warden5kukua@gmail.com,warden5kukua@gmail.com,ALBERT CUDJOE,,,,,,NaSIA explicitly classifies private,https://nasia.gov.gh/nasiadashboard/api.php?action=licensing_detail&id=107,https://nasia.gov.gh/nasiadashboard/api.php?action=licensing_detail&id=107,,2026-09-28,Published address; mailbox and current role unconfirmed,,,VSS-0357,3,1,09:00,Not sent,Public contact; outreach preference unconfirmed,,,,Not joined,No
829,SAM BOACHIE SENIOR HIGH SCHOOL,Ashanti,OBUASI,AMANGOASE SOUTH - OBUASI,SHS,Private SHS,samboachieshs@gmail.com,samboachieshs@gmail.com,,,,,,,NaSIA explicitly classifies private,https://nasia.gov.gh/nasiadashboard/api.php?action=licensing_detail&id=829,https://nasia.gov.gh/nasiadashboard/api.php?action=licensing_detail&id=829,,2026-09-28,Published address; mailbox and current role unconfirmed,,,VSS-0358,3,1,09:00,Not sent,Public contact; outreach preference unconfirmed,,,,Not joined,No
5,FAITH SENIOR HIGH SCHOOL,Ashanti,OFORIKROM,AYIGYA,SHS,Private SHS,adudarkoisaac@gmail.com,adudarkoisaac@gmail.com,ADU-DARKO ISAAC,,,,,,NaSIA explicitly classifies private,https://nasia.gov.gh/nasiadashboard/api.php?action=licensing_detail&id=5,https://nasia.gov.gh/nasiadashboard/api.php?action=licensing_detail&id=5,,2026-09-28,Published address; mailbox and current role unconfirmed,,,VSS-0359,3,1,09:00,Not sent,Public contact; outreach preference unconfirmed,,,,Not joined,No
883,CLEARVIEW SCHOOL- DADWEN KYEKYEWERE,Ashanti,ADANSI NORTH,DADWEN KYEKYEWERE,KG PRI JHS,Private basic school,clearviewschoolone@gmail.com,clearviewschoolone@gmail.com,,,,,,,NaSIA explicitly classifies private,https://nasia.gov.gh/nasiadashboard/api.php?action=licensing_detail&id=883,https://nasia.gov.gh/nasiadashboard/api.php?action=licensing_detail&id=883,,2026-09-28,Published address; mailbox and current role unconfirmed,,,VSS-0360,3,2,10:00,Not sent,Public contact; outreach preference unconfirmed,,,,Not joined,No
859,IKESTER STANDARD ACADEMY - KYEKYEWERE,Ashanti,ADANSI NORTH,KYEKYEWERE,KG PRI,Private basic school,rahealoforiwaa663@gmail.com,rahealoforiwaa663@gmail.com,,,,,,,NaSIA explicitly classifies private,https://nasia.gov.gh/nasiadashboard/api.php?action=licensing_detail&id=859,https://nasia.gov.gh/nasiadashboard/api.php?action=licensing_detail&id=859,,2026-09-28,Published address; mailbox and current role unconfirmed,,,VSS-0361,3,2,10:00,Not sent,Public contact; outreach preference unconfirmed,,,,Not joined,No
625,RAHPHEKA EDUCATIONAL COMPLEX - KYEKYEWERE,Ashanti,ADANSI NORTH,KYEKYEWERE,KG PRI JHS,Private basic school,apppiagyeirita943@gmail.com,apppiagyeirita943@gmail.com,,,,,,,NaSIA explicitly classifies private,https://nasia.gov.gh/nasiadashboard/api.php?action=licensing_detail&id=625,https://nasia.gov.gh/nasiadashboard/api.php?action=licensing_detail&id=625,,2026-09-28,Published address; mailbox and current role unconfirmed,,,VSS-0362,3,2,10:00,Not sent,Public contact; outreach preference unconfirmed,,,,Not joined,No
138,ASBEAK EDUCATIONAL COMPLEX,Ashanti,AHAFO ANO SOUTH WEST,ASBEAK COMMUNITY,KG PRI JHS,Private basic school,piuskyei548@gmail.com,piuskyei548@gmail.com,NANA BAFFOUR KYEI,,,,,,NaSIA explicitly classifies private,https://nasia.gov.gh/nasiadashboard/api.php?action=licensing_detail&id=138,https://nasia.gov.gh/nasiadashboard/api.php?action=licensing_detail&id=138,,2026-09-28,Published address; mailbox and current role unconfirmed,,,VSS-0363,3,2,10:00,Not sent,Public contact; outreach preference unconfirmed,,,,Not joined,No
140,MORNING STAR KIDDIES ACADEMY,Ashanti,AHAFO ANO SOUTH WEST,KUNSU,KG PRI,Private basic school,morningstarkiddiesparadise@gmail.com,morningstarkiddiesparadise@gmail.com,REGINA AWUAH GYAU,,,,,,NaSIA explicitly classifies private,https://nasia.gov.gh/nasiadashboard/api.php?action=licensing_detail&id=140,https://nasia.gov.gh/nasiadashboard/api.php?action=licensing_detail&id=140,,2026-09-28,Published address; mailbox and current role unconfirmed,,,VSS-0364,3,2,10:00,Not sent,Public contact; outreach preference unconfirmed,,,,Not joined,No
139,ST. MARIAM THRESIA SCHOOL,Ashanti,AHAFO ANO SOUTH WEST,KUNSU,KG PRI,Private basic school,sijinereparambil@gmail.com,sijinereparambil@gmail.com,SISTER NINA MAROTIKUDY PAPPU,,,,,,NaSIA explicitly classifies private,https://nasia.gov.gh/nasiadashboard/api.php?action=licensing_detail&id=139,https://nasia.gov.gh/nasiadashboard/api.php?action=licensing_detail&id=139,,2026-09-28,Published address; mailbox and current role unconfirmed,,,VSS-0365,3,2,10:00,Not sent,Public contact; outreach preference unconfirmed,,,,Not joined,No
1221,GREATER LOVE SAVIOUR SCHOOL,Ashanti,AMANSIE CENTRAL,JACOBU,KG PRI,Private basic school,owusueunice33@gmail.com,owusueunice33@gmail.com,,,,,,,NaSIA explicitly classifies private,https://nasia.gov.gh/nasiadashboard/api.php?action=licensing_detail&id=1221,https://nasia.gov.gh/nasiadashboard/api.php?action=licensing_detail&id=1221,,2026-09-28,Published address; mailbox and current role unconfirmed,,,VSS-0366,3,2,10:00,Not sent,Public contact; outreach preference unconfirmed,,,,Not joined,No
832,GOLDEN STAR DEMONSTRATION SCHOOL,Ashanti,AMANSIE WEST,PAKYI NO. 2,KG PRI JHS,Private basic school,appiahsandra127@gmail.com,appiahsandra127@gmail.com,,,,,,,NaSIA explicitly classifies private,https://nasia.gov.gh/nasiadashboard/api.php?action=licensing_detail&id=832,https://nasia.gov.gh/nasiadashboard/api.php?action=licensing_detail&id=832,,2026-09-28,Published address; mailbox and current role unconfirmed,,,VSS-0367,3,2,10:00,Not sent,Public contact; outreach preference unconfirmed,,,,Not joined,No
1052,MY FIRST STEP ACADEMY - PAKYI NO. 2,Ashanti,AMANSIE WEST,PAKYI NO. 2,KG PRI,Private basic school,raffiatuosumnu@gmail.com,raffiatuosumnu@gmail.com,,,,,,,NaSIA explicitly classifies private,https://nasia.gov.gh/nasiadashboard/api.php?action=licensing_detail&id=1052,https://nasia.gov.gh/nasiadashboard/api.php?action=licensing_detail&id=1052,,2026-09-28,Published address; mailbox and current role unconfirmed,,,VSS-0368,3,2,10:00,Not sent,Public contact; outreach preference unconfirmed,,,,Not joined,No
992,HOLISTIC EDUCATION CENTRE,Ashanti,ASOKORE MAMPONG,APRADE PARKOSO,KG PRI JHS,Private basic school,holisticeducentre@gmail.com,holisticeducentre@gmail.com,,,,,,,NaSIA explicitly classifies private,https://nasia.gov.gh/nasiadashboard/api.php?action=licensing_detail&id=992,https://nasia.gov.gh/nasiadashboard/api.php?action=licensing_detail&id=992,,2026-09-28,Published address; mailbox and current role unconfirmed,,,VSS-0369,3,2,10:00,Not sent,Public contact; outreach preference unconfirmed,,,,Not joined,No
993,SAMLEE EMERALD ACADEMY,Ashanti,ASOKORE MAMPONG,PARKOSO,KG PRI,Private basic school,lasarekyire@yahoo.com,lasarekyire@yahoo.com,,,,,,,NaSIA explicitly classifies private,https://nasia.gov.gh/nasiadashboard/api.php?action=licensing_detail&id=993,https://nasia.gov.gh/nasiadashboard/api.php?action=licensing_detail&id=993,,2026-09-28,Published address; mailbox and current role unconfirmed,,,VSS-0370,3,2,10:00,Not sent,Public contact; outreach preference unconfirmed,,,,Not joined,No
865,ARISE STAR ACADEMY,Ashanti,ASOKWA,KUMASI,KG PRI JHS,Private basic school,ortiskorolla@gmail.com,ortiskorolla@gmail.com,,,,,,,NaSIA explicitly classifies private,https://nasia.gov.gh/nasiadashboard/api.php?action=licensing_detail&id=865,https://nasia.gov.gh/nasiadashboard/api.php?action=licensing_detail&id=865,,2026-09-28,Published address; mailbox and current role unconfirmed,,,VSS-0371,3,2,10:00,Not sent,Public contact; outreach preference unconfirmed,,,,Not joined,No
893,BETHELINTER ACADEMY},Ashanti,ASOKWA,KUMASI,KG PRI JHS,Private basic school,caduamankwa52@gmail.com,caduamankwa52@gmail.com,,,,,,,NaSIA explicitly classifies private,https://nasia.gov.gh/nasiadashboard/api.php?action=licensing_detail&id=893,https://nasia.gov.gh/nasiadashboard/api.php?action=licensing_detail&id=893,,2026-09-28,Published address; mailbox and current role unconfirmed,,,VSS-0372,3,2,10:00,Not sent,Public contact; outreach preference unconfirmed,,,,Not joined,No
866,CAROSSEL KIDS SCHOOL,Ashanti,ASOKWA,KUMASI,KG PRI JHS,Private basic school,carosselkidsschool43@gmail.com,carosselkidsschool43@gmail.com,,,,,,,NaSIA explicitly classifies private,https://nasia.gov.gh/nasiadashboard/api.php?action=licensing_detail&id=866,https://nasia.gov.gh/nasiadashboard/api.php?action=licensing_detail&id=866,,2026-09-28,Published address; mailbox and current role unconfirmed,,,VSS-0373,3,2,10:00,Not sent,Public contact; outreach preference unconfirmed,,,,Not joined,No
962,HOLY FAMILY OF GOD EDUCATIONAL COMPLEX,Ashanti,ASOKWA,KUMASI,KG PRI,Private basic school,agathabonney@gmail.com,agathabonney@gmail.com,,,,,,,NaSIA explicitly classifies private,https://nasia.gov.gh/nasiadashboard/api.php?action=licensing_detail&id=962,https://nasia.gov.gh/nasiadashboard/api.php?action=licensing_detail&id=962,,2026-09-28,Published address; mailbox and current role unconfirmed,,,VSS-0374,3,2,10:00,Not sent,Public contact; outreach preference unconfirmed,,,,Not joined,No
1014,ISEC EDUCATIONAL CONSULT,Ashanti,ASOKWA,KUMASI,,Private basic school,danadukay@gmail.com,danadukay@gmail.com,,,,,,,NaSIA explicitly classifies private,https://nasia.gov.gh/nasiadashboard/api.php?action=licensing_detail&id=1014,https://nasia.gov.gh/nasiadashboard/api.php?action=licensing_detail&id=1014,,2026-09-28,Published address; mailbox and current role unconfirmed,,,VSS-0375,3,2,10:00,Not sent,Public contact; outreach preference unconfirmed,,,,Not joined,No
961,LOBAB ACADEMY,Ashanti,ASOKWA,KUMASI,KG PRI JHS,Private basic school,lobabkidscentre01@gmail.com,lobabkidscentre01@gmail.com,,,,,,,NaSIA explicitly classifies private,https://nasia.gov.gh/nasiadashboard/api.php?action=licensing_detail&id=961,https://nasia.gov.gh/nasiadashboard/api.php?action=licensing_detail&id=961,,2026-09-28,Published address; mailbox and current role unconfirmed,,,VSS-0376,3,2,10:00,Not sent,Public contact; outreach preference unconfirmed,,,,Not joined,No
1015,MOTHER SMITH INTERNATIONAL SCHOOL,Ashanti,ASOKWA,KUMASI,KG PRI JHS,Private basic school,ghntabishop@yahoo.co.uk,ghntabishop@yahoo.co.uk,,,,,,,NaSIA explicitly classifies private,https://nasia.gov.gh/nasiadashboard/api.php?action=licensing_detail&id=1015,https://nasia.gov.gh/nasiadashboard/api.php?action=licensing_detail&id=1015,,2026-09-28,Published address; mailbox and current role unconfirmed,,,VSS-0377,3,2,10:00,Not sent,Public contact; outreach preference unconfirmed,,,,Not joined,No
1268,AGAPE LOVE ACADEMY,Ashanti,ATWIMA KWANWOMA,KYEKYEWERE,KG PRI,Private basic school,agapeloveacademy@gmail.com,agapeloveacademy@gmail.com,,,,,,,NaSIA explicitly classifies private,https://nasia.gov.gh/nasiadashboard/api.php?action=licensing_detail&id=1268,https://nasia.gov.gh/nasiadashboard/api.php?action=licensing_detail&id=1268,,2026-09-28,Published address; mailbox and current role unconfirmed,,,VSS-0378,3,2,10:00,Not sent,Public contact; outreach preference unconfirmed,,,,Not joined,No
1269,BAAH MEMORIAL COMMUNITY SCHOOL,Ashanti,ATWIMA KWANWOMA,ABAASO,KG PRI JHS,Private basic school,baahlily47@mail.com,baahlily47@mail.com,,,,,,,NaSIA explicitly classifies private,https://nasia.gov.gh/nasiadashboard/api.php?action=licensing_detail&id=1269,https://nasia.gov.gh/nasiadashboard/api.php?action=licensing_detail&id=1269,,2026-09-28,Published address; mailbox and current role unconfirmed,,,VSS-0379,3,2,10:00,Not sent,Public contact; outreach preference unconfirmed,,,,Not joined,No
1267,BOATENG MEMORIAL SCHOOL,Ashanti,ATWIMA KWANWOMA,SOKOBAN AMPABAME,KG PRI,Private basic school,boatengmemorialschool@gmail.com,boatengmemorialschool@gmail.com,,,,,,,NaSIA explicitly classifies private,https://nasia.gov.gh/nasiadashboard/api.php?action=licensing_detail&id=1267,https://nasia.gov.gh/nasiadashboard/api.php?action=licensing_detail&id=1267,,2026-09-28,Published address; mailbox and current role unconfirmed,,,VSS-0380,3,2,10:00,Not sent,Public contact; outreach preference unconfirmed,,,,Not joined,No
1272,DABS ANGELS COMMUNITY SCHOOL,Ashanti,ATWIMA KWANWOMA,AFRATIA,KG PRI JHS,Private basic school,auvjsboakye@gmail.com,auvjsboakye@gmail.com,,,,,,,NaSIA explicitly classifies private,https://nasia.gov.gh/nasiadashboard/api.php?action=licensing_detail&id=1272,https://nasia.gov.gh/nasiadashboard/api.php?action=licensing_detail&id=1272,,2026-09-28,Published address; mailbox and current role unconfirmed,,,VSS-0381,3,2,10:00,Not sent,Public contact; outreach preference unconfirmed,,,,Not joined,No
784,E- MARIE ACADEMY,Ashanti,ATWIMA KWANWOMA,AMPABAME NO 1,KG PRI JHS,Private basic school,emarie.academy@gmail.com,emarie.academy@gmail.com,,,,,,,NaSIA explicitly classifies private,https://nasia.gov.gh/nasiadashboard/api.php?action=licensing_detail&id=784,https://nasia.gov.gh/nasiadashboard/api.php?action=licensing_detail&id=784,,2026-09-28,Published address; mailbox and current role unconfirmed,,,VSS-0382,3,2,10:00,Not sent,Public contact; outreach preference unconfirmed,,,,Not joined,No
787,ELITE CITY ACADEMY,Ashanti,ATWIMA KWANWOMA,ABOABO,KG PRI,Private basic school,elitecityacademy@gmail.com,elitecityacademy@gmail.com,,,,,,,NaSIA explicitly classifies private,https://nasia.gov.gh/nasiadashboard/api.php?action=licensing_detail&id=787,https://nasia.gov.gh/nasiadashboard/api.php?action=licensing_detail&id=787,,2026-09-28,Published address; mailbox and current role unconfirmed,,,VSS-0383,3,2,10:00,Not sent,Public contact; outreach preference unconfirmed,,,,Not joined,No
783,F.A.B UNIQUE ACADEMY- AMPEYOO,Ashanti,ATWIMA KWANWOMA,AMPEYOO,KG PRI JHS,Private basic school,acade@gmail.com,acade@gmail.com,,,,,,,NaSIA explicitly classifies private,https://nasia.gov.gh/nasiadashboard/api.php?action=licensing_detail&id=783,https://nasia.gov.gh/nasiadashboard/api.php?action=licensing_detail&id=783,,2026-09-28,Published address; mailbox and current role unconfirmed,,,VSS-0384,3,2,10:00,Not sent,Public contact; outreach preference unconfirmed,,,,Not joined,No
788,FRIENDS EDUCATIONAL COMPLEX,Ashanti,ATWIMA KWANWOMA,KWANWOMA,KG PRI JHS,Private basic school,frankosei339@gmail.com,frankosei339@gmail.com,,,,,,,NaSIA explicitly classifies private,https://nasia.gov.gh/nasiadashboard/api.php?action=licensing_detail&id=788,https://nasia.gov.gh/nasiadashboard/api.php?action=licensing_detail&id=788,,2026-09-28,Published address; mailbox and current role unconfirmed,,,VSS-0385,3,3,11:00,Not sent,Public contact; outreach preference unconfirmed,,,,Not joined,No
785,GREAT TALENT ACADEMY,Ashanti,ATWIMA KWANWOMA,AMPABAME NO1,KG PRI JHS,Private basic school,academygreattalent@gmail.com,academygreattalent@gmail.com,,,,,,,NaSIA explicitly classifies private,https://nasia.gov.gh/nasiadashboard/api.php?action=licensing_detail&id=785,https://nasia.gov.gh/nasiadashboard/api.php?action=licensing_detail&id=785,,2026-09-28,Published address; mailbox and current role unconfirmed,,,VSS-0386,3,3,11:00,Not sent,Public contact; outreach preference unconfirmed,,,,Not joined,No
782,HAVIL HYBRIAN SCHOOL COMPLEX,Ashanti,ATWIMA KWANWOMA,SABINA KROFROM,KG PRI,Private basic school,tracyank100@gmail.com,tracyank100@gmail.com,,,,,,,NaSIA explicitly classifies private,https://nasia.gov.gh/nasiadashboard/api.php?action=licensing_detail&id=782,https://nasia.gov.gh/nasiadashboard/api.php?action=licensing_detail&id=782,,2026-09-28,Published address; mailbox and current role unconfirmed,,,VSS-0387,3,3,11:00,Not sent,Public contact; outreach preference unconfirmed,,,,Not joined,No
482,KINGSTAR INTERNATIONAL SCHOOL,Ashanti,ATWIMA KWANWOMA,KOTWI,KG PRI,Private basic school,frankodeibi@gmail.com,frankodeibi@gmail.com,,,,,,,NaSIA explicitly classifies private,https://nasia.gov.gh/nasiadashboard/api.php?action=licensing_detail&id=482,https://nasia.gov.gh/nasiadashboard/api.php?action=licensing_detail&id=482,,2026-09-28,Published address; mailbox and current role unconfirmed,,,VSS-0388,3,3,11:00,Not sent,Public contact; outreach preference unconfirmed,,,,Not joined,No
786,MAFINS COMMUNITY SCHOOL,Ashanti,ATWIMA KWANWOMA,KOKOBEN AFRANCHO,KG PRI,Private basic school,mavisaddaegh@gmail.com,mavisaddaegh@gmail.com,,,,,,,NaSIA explicitly classifies private,https://nasia.gov.gh/nasiadashboard/api.php?action=licensing_detail&id=786,https://nasia.gov.gh/nasiadashboard/api.php?action=licensing_detail&id=786,,2026-09-28,Published address; mailbox and current role unconfirmed,,,VSS-0389,3,3,11:00,Not sent,Public contact; outreach preference unconfirmed,,,,Not joined,No
347,REAL JOY ACADEMY,Ashanti,ATWIMA KWANWOMA,AHENEMA KOKOBEN,KG PRI JHS,Private basic school,opokumensahkwaku7@gmail.com,opokumensahkwaku7@gmail.com,,,,,,,NaSIA explicitly classifies private,https://nasia.gov.gh/nasiadashboard/api.php?action=licensing_detail&id=347,https://nasia.gov.gh/nasiadashboard/api.php?action=licensing_detail&id=347,,2026-09-28,Published address; mailbox and current role unconfirmed,,,VSS-0390,3,3,11:00,Not sent,Public contact; outreach preference unconfirmed,,,,Not joined,No
797,ARCHBISHOP BOADI INTERNATIONAL SCHOOL,Ashanti,ATWIMA MPONUA,APENIMADI,KG PRI,Private basic school,iduah157@gmail.com,iduah157@gmail.com,,,,,,,NaSIA explicitly classifies private,https://nasia.gov.gh/nasiadashboard/api.php?action=licensing_detail&id=797,https://nasia.gov.gh/nasiadashboard/api.php?action=licensing_detail&id=797,,2026-09-28,Published address; mailbox and current role unconfirmed,,,VSS-0391,3,3,11:00,Not sent,Public contact; outreach preference unconfirmed,,,,Not joined,No
662,CHURCH OF CHRIST MISSION SCHOOL,Ashanti,ATWIMA MPONUA,NYINAHIN,KG PRI JHS,Private basic school,churchofchristmissionschool@gmail.com,churchofchristmissionschool@gmail.com,,,,,,,NaSIA explicitly classifies private,https://nasia.gov.gh/nasiadashboard/api.php?action=licensing_detail&id=662,https://nasia.gov.gh/nasiadashboard/api.php?action=licensing_detail&id=662,,2026-09-28,Published address; mailbox and current role unconfirmed,,,VSS-0392,3,3,11:00,Not sent,Public contact; outreach preference unconfirmed,,,,Not joined,No
664,ENGINEERS' FOUNDATION ACADEMY,Ashanti,ATWIMA MPONUA,KENSAKROM,KG PRI JHS,Private basic school,adwoabannieh7@gmail.com,adwoabannieh7@gmail.com,,,,,,,NaSIA explicitly classifies private,https://nasia.gov.gh/nasiadashboard/api.php?action=licensing_detail&id=664,https://nasia.gov.gh/nasiadashboard/api.php?action=licensing_detail&id=664,,2026-09-28,Published address; mailbox and current role unconfirmed,,,VSS-0393,3,3,11:00,Not sent,Public contact; outreach preference unconfirmed,,,,Not joined,No
798,FUTURE LEADERS EDUCATIONAL COMPLEX,Ashanti,ATWIMA MPONUA,AKONKYE,KG PRI,Private basic school,abu187363@gmail.com,abu187363@gmail.com,,,,,,,NaSIA explicitly classifies private,https://nasia.gov.gh/nasiadashboard/api.php?action=licensing_detail&id=798,https://nasia.gov.gh/nasiadashboard/api.php?action=licensing_detail&id=798,,2026-09-28,Published address; mailbox and current role unconfirmed,,,VSS-0394,3,3,11:00,Not sent,Public contact; outreach preference unconfirmed,,,,Not joined,No
1004,JOSAN BLOOMING COMMUNITY SCHOOL,Ashanti,ATWIMA MPONUA,NYINAHIN,KG PRI JHS,Private basic school,josanbcschool@gmail.com,josanbcschool@gmail.com,,,,,,,NaSIA explicitly classifies private,https://nasia.gov.gh/nasiadashboard/api.php?action=licensing_detail&id=1004,https://nasia.gov.gh/nasiadashboard/api.php?action=licensing_detail&id=1004,,2026-09-28,Published address; mailbox and current role unconfirmed,,,VSS-0395,3,3,11:00,Not sent,Public contact; outreach preference unconfirmed,,,,Not joined,No
799,JOSBEN VISION ACADEMY,Ashanti,ATWIMA MPONUA,ANYINASA,KG PRI,Private basic school,nimohandy7@gmail.com,nimohandy7@gmail.com,,,,,,,NaSIA explicitly classifies private,https://nasia.gov.gh/nasiadashboard/api.php?action=licensing_detail&id=799,https://nasia.gov.gh/nasiadashboard/api.php?action=licensing_detail&id=799,,2026-09-28,Published address; mailbox and current role unconfirmed,,,VSS-0396,3,3,11:00,Not sent,Public contact; outreach preference unconfirmed,,,,Not joined,No
800,KWAKU DUANE MEMORIAL SCHOOL,Ashanti,ATWIMA MPONUA,KOTOKUOM,KG PRI,Private basic school,duahb778@gmail.com,duahb778@gmail.com,,,,,,,NaSIA explicitly classifies private,https://nasia.gov.gh/nasiadashboard/api.php?action=licensing_detail&id=800,https://nasia.gov.gh/nasiadashboard/api.php?action=licensing_detail&id=800,,2026-09-28,Published address; mailbox and current role unconfirmed,,,VSS-0397,3,3,11:00,Not sent,Public contact; outreach preference unconfirmed,,,,Not joined,No
663,MOUNT ZION METHODIST PREPARATORY SCHOOL,Ashanti,ATWIMA MPONUA,NYINAHIN,KG PRI JHS,Private basic school,kwameafram780@gmail.com,kwameafram780@gmail.com,,,,,,,NaSIA explicitly classifies private,https://nasia.gov.gh/nasiadashboard/api.php?action=licensing_detail&id=663,https://nasia.gov.gh/nasiadashboard/api.php?action=licensing_detail&id=663,,2026-09-28,Published address; mailbox and current role unconfirmed,,,VSS-0398,3,3,11:00,Not sent,Public contact; outreach preference unconfirmed,,,,Not joined,No
352,BETHLE MONTESSORI SCHOOL,Ashanti,ATWIMA NWABIAGYA,ASUOFIA,KG PRI,Private basic school,sawusu1981@gmail.com,sawusu1981@gmail.com,,,,,,,NaSIA explicitly classifies private,https://nasia.gov.gh/nasiadashboard/api.php?action=licensing_detail&id=352,https://nasia.gov.gh/nasiadashboard/api.php?action=licensing_detail&id=352,,2026-09-28,Published address; mailbox and current role unconfirmed,,,VSS-0399,3,3,11:00,Not sent,Public contact; outreach preference unconfirmed,,,,Not joined,No
349,JAB EDUCATIONAL COMPLEX,Ashanti,ATWIMA NWABIAGYA,ASUOFIA,KG PRI JHS,Private basic school,jab.edu.cop@gmail.com,jab.edu.cop@gmail.com,,,,,,,NaSIA explicitly classifies private,https://nasia.gov.gh/nasiadashboard/api.php?action=licensing_detail&id=349,https://nasia.gov.gh/nasiadashboard/api.php?action=licensing_detail&id=349,,2026-09-28,Published address; mailbox and current role unconfirmed,,,VSS-0400,3,3,11:00,Not sent,Public contact; outreach preference unconfirmed,,,,Not joined,No
351,YOUTH FOR CHANGE EDUCATIONAL CENTRE,Ashanti,ATWIMA NWABIAGYA,ASUOFIA NEW SITE,KG PRI JHS,Private basic school,alibra22@yahoo.com,alibra22@yahoo.com,,,,,,yfceducation.org,NaSIA explicitly classifies private,https://nasia.gov.gh/nasiadashboard/api.php?action=licensing_detail&id=351,https://nasia.gov.gh/nasiadashboard/api.php?action=licensing_detail&id=351,,2026-09-28,Published address; mailbox and current role unconfirmed,,,VSS-0401,3,3,11:00,Not sent,Public contact; outreach preference unconfirmed,,,,Not joined,No
480,ABUAKWA CHURCH OF CHRIST EDUCATIONAL COMPLEX,Ashanti,ATWIMA NWABIAGYA SOUTH,ABUAKWA,KG PRI JHS,Private basic school,acocec5173@gmail.com,acocec5173@gmail.com,,,,,,,NaSIA explicitly classifies private,https://nasia.gov.gh/nasiadashboard/api.php?action=licensing_detail&id=480,https://nasia.gov.gh/nasiadashboard/api.php?action=licensing_detail&id=480,,2026-09-28,Published address; mailbox and current role unconfirmed,,,VSS-0402,3,3,11:00,Not sent,Public contact; outreach preference unconfirmed,,,,Not joined,No
481,GLOBAL VISION SCHOOL,Ashanti,ATWIMA NWABIAGYA SOUTH,ABUAKWA,KG PRI,Private basic school,richbech2010@yahoo.com,richbech2010@yahoo.com,,,,,,,NaSIA explicitly classifies private,https://nasia.gov.gh/nasiadashboard/api.php?action=licensing_detail&id=481,https://nasia.gov.gh/nasiadashboard/api.php?action=licensing_detail&id=481,,2026-09-28,Published address; mailbox and current role unconfirmed,,,VSS-0403,3,3,11:00,Not sent,Public contact; outreach preference unconfirmed,,,,Not joined,No
442,NEUMANN INTERNATIONAL SCHOOL,Ashanti,ATWIMA NWABIAGYA SOUTH,BUAKWA DADEASE,KG PRI JHS,Private basic school,neumannabuakwa@gmail.com,neumannabuakwa@gmail.com,,,,,,,NaSIA explicitly classifies private,https://nasia.gov.gh/nasiadashboard/api.php?action=licensing_detail&id=442,https://nasia.gov.gh/nasiadashboard/api.php?action=licensing_detail&id=442,,2026-09-28,Published address; mailbox and current role unconfirmed,,,VSS-0404,3,3,11:00,Not sent,Public contact; outreach preference unconfirmed,,,,Not joined,No
781,ST ANTHONY INTERNATIONAL,Ashanti,ATWIMA NWABIAGYA SOUTH,ABUAKWA MAAKRO,KG PRI JHS,Private basic school,anthony.nyamekye@gmail.com,Anthony.nyamekye@gmail.com,,,,,,,NaSIA explicitly classifies private,https://nasia.gov.gh/nasiadashboard/api.php?action=licensing_detail&id=781,https://nasia.gov.gh/nasiadashboard/api.php?action=licensing_detail&id=781,,2026-09-28,Published address; mailbox and current role unconfirmed,,,VSS-0405,3,3,11:00,Not sent,Public contact; outreach preference unconfirmed,,,,Not joined,No
443,TWENEBaOA KODUA INTERNATIONAL SCHOOL,Ashanti,ATWIMA NWABIAGYA SOUTH,ABUAKWA,KG PRI JHS,Private basic school,kgmbandoh58@gmail.com,kgmbandoh58@gmail.com,,,,,,,NaSIA explicitly classifies private,https://nasia.gov.gh/nasiadashboard/api.php?action=licensing_detail&id=443,https://nasia.gov.gh/nasiadashboard/api.php?action=licensing_detail&id=443,,2026-09-28,Published address; mailbox and current role unconfirmed,,,VSS-0406,3,3,11:00,Not sent,Public contact; outreach preference unconfirmed,,,,Not joined,No
83,AMANKWAAH APS - DOMINASE,Ashanti,BEKWAI,DOMINASE,KG PRI,Private basic school,felixadugyamfi@gmail.com,felixadugyamfi@gmail.com,SEVENTH DAY ADVENTIST CHURCH - DOMINASE,,,,,,NaSIA explicitly classifies private,https://nasia.gov.gh/nasiadashboard/api.php?action=licensing_detail&id=83,https://nasia.gov.gh/nasiadashboard/api.php?action=licensing_detail&id=83,,2026-09-28,Published address; mailbox and current role unconfirmed,,,VSS-0407,3,3,11:00,Not sent,Public contact; outreach preference unconfirmed,,,,Not joined,No
828,BOGYWE ADVENTIST PREPARATORY SCHOOL,Ashanti,BEKWAI,BOGYAWE,KG PRI,Private basic school,owusuagyeisympathy@gmail.com,owusuagyeisympathy@gmail.com,,,,,,,NaSIA explicitly classifies private,https://nasia.gov.gh/nasiadashboard/api.php?action=licensing_detail&id=828,https://nasia.gov.gh/nasiadashboard/api.php?action=licensing_detail&id=828,,2026-09-28,Published address; mailbox and current role unconfirmed,,,VSS-0408,3,3,11:00,Not sent,Public contact; outreach preference unconfirmed,,,,Not joined,No
244,CENTRAL INTERNATIONAL SCHOOL - BEKWAI,Ashanti,BEKWAI,BEKWAI - ASHANTI,KG PRI JHS,Private basic school,mr.peterdorabrese@gmail.com,mr.peterdorabrese@gmail.com,MR. OWUSU ABEBRESE,,,,,,NaSIA explicitly classifies private,https://nasia.gov.gh/nasiadashboard/api.php?action=licensing_detail&id=244,https://nasia.gov.gh/nasiadashboard/api.php?action=licensing_detail&id=244,,2026-09-28,Published address; mailbox and current role unconfirmed,,,VSS-0409,3,3,11:00,Not sent,Public contact; outreach preference unconfirmed,,,,Not joined,No
247,"CHURCH OF CHRIST SCHOOL, BEKWAI",Ashanti,BEKWAI,BEKWAI ASHANTI,KG PRI JHS,Private basic school,churchofchrist11@gmail.com,churchofchrist11@gmail.com,"CHURCH OF CHRIST, BEKWAI",,,,,,NaSIA explicitly classifies private,https://nasia.gov.gh/nasiadashboard/api.php?action=licensing_detail&id=247,https://nasia.gov.gh/nasiadashboard/api.php?action=licensing_detail&id=247,,2026-09-28,Published address; mailbox and current role unconfirmed,,,VSS-0410,3,4,12:00,Not sent,Public contact; outreach preference unconfirmed,,,,Not joined,No
243,DANKWAH MEMORIAL COMMUNITY SCHOOL,Ashanti,BEKWAI,BEKWAI - ASHANTI,KG PRI JHS,Private basic school,dmcsbekwai@gmail.com,dmcsbekwai@gmail.com,MADAM DORIS DANKWAH,,,,,,NaSIA explicitly classifies private,https://nasia.gov.gh/nasiadashboard/api.php?action=licensing_detail&id=243,https://nasia.gov.gh/nasiadashboard/api.php?action=licensing_detail&id=243,,2026-09-28,Published address; mailbox and current role unconfirmed,,,VSS-0411,3,4,12:00,Not sent,Public contact; outreach preference unconfirmed,,,,Not joined,No
82,DOMINASE PEACE INTERNATIONAL SCHOOL,Ashanti,BEKWAI,DOMINASE,KG PRI JHS,Private basic school,dominasepeaceintschool@gmail.com,dominasepeaceintschool@gmail.com,NANA ADOMAKO MENSAH,,,,,,NaSIA explicitly classifies private,https://nasia.gov.gh/nasiadashboard/api.php?action=licensing_detail&id=82,https://nasia.gov.gh/nasiadashboard/api.php?action=licensing_detail&id=82,,2026-09-28,Published address; mailbox and current role unconfirmed,,,VSS-0412,3,4,12:00,Not sent,Public contact; outreach preference unconfirmed,,,,Not joined,No
88,DOMINION MISSION SCHOOL - ANWEAKWANTA,Ashanti,BEKWAI,ANWEANKWANTA,KG PRI,Private basic school,umah3000@gmail.com,umah3000@gmail.com,MR. ANTHONY KUMAH,,,,,,NaSIA explicitly classifies private,https://nasia.gov.gh/nasiadashboard/api.php?action=licensing_detail&id=88,https://nasia.gov.gh/nasiadashboard/api.php?action=licensing_detail&id=88,,2026-09-28,Published address; mailbox and current role unconfirmed,,,VSS-0413,3,4,12:00,Not sent,Public contact; outreach preference unconfirmed,,,,Not joined,No
248,"EARLY CHILDHOOD, PRIMARY AND JUNIOR HIGH SCHOOL - BEKWAI",Ashanti,BEKWAI,BEKWAI - ASHANTI,KG PRI JHS,Private basic school,richardassembly@gmail.com,richardassembly@gmail.com,MR. RICHARD OPOKU,,,,,,NaSIA explicitly classifies private,https://nasia.gov.gh/nasiadashboard/api.php?action=licensing_detail&id=248,https://nasia.gov.gh/nasiadashboard/api.php?action=licensing_detail&id=248,,2026-09-28,Published address; mailbox and current role unconfirmed,,,VSS-0414,3,4,12:00,Not sent,Public contact; outreach preference unconfirmed,,,,Not joined,No
1049,EBENEZER PREPARATORY SCHOOL - KONIYAW,Ashanti,BEKWAI,KONIYAW,KG PRI JHS,Private basic school,samuelbrightosei47@gmail.com,samuelbrightosei47@gmail.com,,,,,,,NaSIA explicitly classifies private,https://nasia.gov.gh/nasiadashboard/api.php?action=licensing_detail&id=1049,https://nasia.gov.gh/nasiadashboard/api.php?action=licensing_detail&id=1049,,2026-09-28,Published address; mailbox and current role unconfirmed,,,VSS-0415,3,4,12:00,Not sent,Public contact; outreach preference unconfirmed,,,,Not joined,No
245,GREAT VICTORY STANDARD SCHOOL,Ashanti,BEKWAI,BEKWAI - ASHANTI,KG PRI JHS,Private basic school,pkbaffour21@gmail.com,pkbaffour21@gmail.com,GREAT VICTORY STANDARD SCHOOL,,,,,,NaSIA explicitly classifies private,https://nasia.gov.gh/nasiadashboard/api.php?action=licensing_detail&id=245,https://nasia.gov.gh/nasiadashboard/api.php?action=licensing_detail&id=245,,2026-09-28,Published address; mailbox and current role unconfirmed,,,VSS-0416,3,4,12:00,Not sent,Public contact; outreach preference unconfirmed,,,,Not joined,No
246,KAAS MONTESSORI SCHOOL,Ashanti,BEKWAI,BEKWAI ABINKYIM,KG PRI JHS,Private basic school,kaasmontessorischool@gmail.com,kaasmontessorischool@gmail.com,MR. JOHN BOAKYE,,,,,,NaSIA explicitly classifies private,https://nasia.gov.gh/nasiadashboard/api.php?action=licensing_detail&id=246,https://nasia.gov.gh/nasiadashboard/api.php?action=licensing_detail&id=246,,2026-09-28,Published address; mailbox and current role unconfirmed,,,VSS-0417,3,4,12:00,Not sent,Public contact; outreach preference unconfirmed,,,,Not joined,No
242,KEYLINE EDUCATIONAL COMPLEX),Ashanti,BEKWAI,BEKWAI - ASHANTI,KG PRI JHS,Private basic school,opokustep10@gmail.com,opokustep10@gmail.com,MR. YAW ADU POKU,,,,,,NaSIA explicitly classifies private,https://nasia.gov.gh/nasiadashboard/api.php?action=licensing_detail&id=242,https://nasia.gov.gh/nasiadashboard/api.php?action=licensing_detail&id=242,,2026-09-28,Published address; mailbox and current role unconfirmed,,,VSS-0418,3,4,12:00,Not sent,Public contact; outreach preference unconfirmed,,,,Not joined,No
79,LAWJOE EDUCATIONAL EDUCATIONAL COMPLEX,Ashanti,BEKWAI,DOMINASE,KG PRI JHS,Private basic school,lawjoeedu2012@gmail.com,lawjoeedu2012@gmail.com,MR. JOSEPH KWAME NKRUMAH,,,,,,NaSIA explicitly classifies private,https://nasia.gov.gh/nasiadashboard/api.php?action=licensing_detail&id=79,https://nasia.gov.gh/nasiadashboard/api.php?action=licensing_detail&id=79,,2026-09-28,Published address; mailbox and current role unconfirmed,,,VSS-0419,3,4,12:00,Not sent,Public contact; outreach preference unconfirmed,,,,Not joined,No
84,NURTURED SOULS ACADEMY,Ashanti,BEKWAI,OFOASE KOKOBENG,KG PRI JHS,Private basic school,nurturedkid@yahoo.com,nurturedkid@yahoo.com,MR. ERIC BAFFOE AMOANING,,,,,nsagh.com,NaSIA explicitly classifies private,https://nasia.gov.gh/nasiadashboard/api.php?action=licensing_detail&id=84,https://nasia.gov.gh/nasiadashboard/api.php?action=licensing_detail&id=84,,2026-09-28,Published address; mailbox and current role unconfirmed,,,VSS-0420,3,4,12:00,Not sent,Public contact; outreach preference unconfirmed,,,,Not joined,No
826,ODURO GYAKARI ADVENTIST PREPARATORY SCHOOL - ABODOM,Ashanti,BEKWAI,ABODOM,KG PRI JHS,Private basic school,boaduj008@gmail.com,boaduj008@gmail.com,,,,,,,NaSIA explicitly classifies private,https://nasia.gov.gh/nasiadashboard/api.php?action=licensing_detail&id=826,https://nasia.gov.gh/nasiadashboard/api.php?action=licensing_detail&id=826,,2026-09-28,Published address; mailbox and current role unconfirmed,,,VSS-0421,3,4,12:00,Not sent,Public contact; outreach preference unconfirmed,,,,Not joined,No
80,OMEGA EDUCATIONAL COMPLEX - ADJAMESU,Ashanti,BEKWAI,ADJAMESU,KG PRI JHS,Private basic school,aduasare492@gmail.com,aduasare492@gmail.com,MR. 5TEPHEN ODURO,,,,,,NaSIA explicitly classifies private,https://nasia.gov.gh/nasiadashboard/api.php?action=licensing_detail&id=80,https://nasia.gov.gh/nasiadashboard/api.php?action=licensing_detail&id=80,,2026-09-28,Published address; mailbox and current role unconfirmed,,,VSS-0422,3,4,12:00,Not sent,Public contact; outreach preference unconfirmed,,,,Not joined,No
85,ONYX MONTESSORI- ATOFOASE KOKOBENG,Ashanti,BEKWAI,OFOASE KOKOBENG,KG PRI JHS,Private basic school,onyxmontessori17.edu@gmail.com,onyxmontessori17.edu@gmail.com,ADJEI NATHANIEL,,,,,,NaSIA explicitly classifies private,https://nasia.gov.gh/nasiadashboard/api.php?action=licensing_detail&id=85,https://nasia.gov.gh/nasiadashboard/api.php?action=licensing_detail&id=85,,2026-09-28,Published address; mailbox and current role unconfirmed,,,VSS-0423,3,4,12:00,Not sent,Public contact; outreach preference unconfirmed,,,,Not joined,No
87,OPHEEMMA,Ashanti,BEKWAI,OFOASE KOKOBENG,KG PRI,Private basic school,casdaf17@gmail.com,casdaf17@gmail.com,M EMMANUEL BARNIE KWAKYE,,,,,,NaSIA explicitly classifies private,https://nasia.gov.gh/nasiadashboard/api.php?action=licensing_detail&id=87,https://nasia.gov.gh/nasiadashboard/api.php?action=licensing_detail&id=87,,2026-09-28,Published address; mailbox and current role unconfirmed,,,VSS-0424,3,4,12:00,Not sent,Public contact; outreach preference unconfirmed,,,,Not joined,No
86,YAKENYS ROYAL ACADEMY,Ashanti,BEKWAI,OFOASE KOKOBENG,KG PRI,Private basic school,owusuben116@yahoo.com,owusuben116@yahoo.com,MR. OWUSU KWADWO BENJAMIN,,,,,,NaSIA explicitly classifies private,https://nasia.gov.gh/nasiadashboard/api.php?action=licensing_detail&id=86,https://nasia.gov.gh/nasiadashboard/api.php?action=licensing_detail&id=86,,2026-09-28,Published address; mailbox and current role unconfirmed,,,VSS-0425,3,4,12:00,Not sent,Public contact; outreach preference unconfirmed,,,,Not joined,No
996,PROVIDENCE HIGH ACADEMY,Ashanti,BOSOMTWE,APUTUOGYA B2 JUNCTION,KG PRI JHS,Private basic school,carolinegyawu@gmail.com,carolinegyawu@gmail.com,,,,,,,NaSIA explicitly classifies private,https://nasia.gov.gh/nasiadashboard/api.php?action=licensing_detail&id=996,https://nasia.gov.gh/nasiadashboard/api.php?action=licensing_detail&id=996,,2026-09-28,Published address; mailbox and current role unconfirmed,,,VSS-0426,3,4,12:00,Not sent,Public contact; outreach preference unconfirmed,,,,Not joined,No
991,REHOBOTH CHRISTIAN COMMUNITY SCHOOL,Ashanti,BOSOMTWE,ABOUNTEM,KG PRI,Private basic school,pswirekohsarkodie@gmail.com,pswirekohsarkodie@gmail.com,,,,,,,NaSIA explicitly classifies private,https://nasia.gov.gh/nasiadashboard/api.php?action=licensing_detail&id=991,https://nasia.gov.gh/nasiadashboard/api.php?action=licensing_detail&id=991,,2026-09-28,Published address; mailbox and current role unconfirmed,,,VSS-0427,3,4,12:00,Not sent,Public contact; outreach preference unconfirmed,,,,Not joined,No
346,'I AM' DAY SCHOOL,Ashanti,EJISU,EJISU,KG PRI,Private basic school,bkadusei@gmail.com,bkadusei@gmail.com,,,,,,,NaSIA explicitly classifies private,https://nasia.gov.gh/nasiadashboard/api.php?action=licensing_detail&id=346,https://nasia.gov.gh/nasiadashboard/api.php?action=licensing_detail&id=346,,2026-09-28,Published address; mailbox and current role unconfirmed,,,VSS-0428,3,4,12:00,Not sent,Public contact; outreach preference unconfirmed,,,,Not joined,No
441,EJISU METHODIST PREPARATORY/ JHS,Ashanti,EJISU,EJISU,KG PRI JHS,Private basic school,dos0272@hmail.com,dos0272@hmail.com,,,,,,,NaSIA explicitly classifies private,https://nasia.gov.gh/nasiadashboard/api.php?action=licensing_detail&id=441,https://nasia.gov.gh/nasiadashboard/api.php?action=licensing_detail&id=441,,2026-09-28,Published address; mailbox and current role unconfirmed,,,VSS-0429,3,4,12:00,Not sent,Public contact; outreach preference unconfirmed,,,,Not joined,No
440,PHOENIX PREPARATORY / JHS,Ashanti,EJISU,EJISU KRAPA,KG PRI JHS,Private basic school,phoenixscjoolghana@gmail.com,phoenixscjoolghana@gmail.com,,,,,,,NaSIA explicitly classifies private,https://nasia.gov.gh/nasiadashboard/api.php?action=licensing_detail&id=440,https://nasia.gov.gh/nasiadashboard/api.php?action=licensing_detail&id=440,,2026-09-28,Published address; mailbox and current role unconfirmed,,,VSS-0430,3,4,12:00,Not sent,Public contact; outreach preference unconfirmed,,,,Not joined,No
350,SHALOM CHRISTIAN ACADEMY,Ashanti,EJISU,EJISU,KG PRI JHS,Private basic school,shalomchristianaxademysc@gmail.com,shalomchristianaxademysc@gmail.com,,,,,,,NaSIA explicitly classifies private,https://nasia.gov.gh/nasiadashboard/api.php?action=licensing_detail&id=350,https://nasia.gov.gh/nasiadashboard/api.php?action=licensing_detail&id=350,,2026-09-28,Published address; mailbox and current role unconfirmed,,,VSS-0431,3,4,12:00,Not sent,Public contact; outreach preference unconfirmed,,,,Not joined,No
6,TESSA GLOW ACADEMY,Ashanti,EJISU,EJISU JAMASI,KG PRI JHS,Private basic school,jamesamoakonuamah@gmail.com,jamesamoakonuamah@gmail.com,AMMA ASANTEWAA TUFUOR,,,,,,NaSIA explicitly classifies private,https://nasia.gov.gh/nasiadashboard/api.php?action=licensing_detail&id=6,https://nasia.gov.gh/nasiadashboard/api.php?action=licensing_detail&id=6,,2026-09-28,Published address; mailbox and current role unconfirmed,,,VSS-0432,3,4,12:00,Not sent,Public contact; outreach preference unconfirmed,,,,Not joined,No
147,CHRIST THE KING OF KINGS SCHOOL - BOHYEN,Ashanti,KUMASI METRO,BOHYEN,KG PRI JHS,Private basic school,ckk42@gmail.com,ckk42@gmail.com,JOHN KOFI ATTA,,,,,,NaSIA explicitly classifies private,https://nasia.gov.gh/nasiadashboard/api.php?action=licensing_detail&id=147,https://nasia.gov.gh/nasiadashboard/api.php?action=licensing_detail&id=147,,2026-09-28,Published address; mailbox and current role unconfirmed,,,VSS-0433,3,4,12:00,Not sent,Public contact; outreach preference unconfirmed,,,,Not joined,No
236,THE ARK OF THE COVENANT ACADEMY - YENYAWOSO,Ashanti,KUMASI METRO,YENYAWOSO,KG PRI JHS,Private basic school,thearkofthecovenantacademy@gmail.com,thearkofthecovenantacademy@gmail.com,ERIC ANTWI,,,,,,NaSIA explicitly classifies private,https://nasia.gov.gh/nasiadashboard/api.php?action=licensing_detail&id=236,https://nasia.gov.gh/nasiadashboard/api.php?action=licensing_detail&id=236,,2026-09-28,Published address; mailbox and current role unconfirmed,,,VSS-0434,3,4,12:00,Not sent,Public contact; outreach preference unconfirmed,,,,Not joined,No
964,ADISAM EDUCATIONAL CENTER,Ashanti,KUMASI METROPOLITAN,KUMASI,KG PRI JHS,Private basic school,tanorichard60@gmail.com,tanorichard60@gmail.com,,,,,,,NaSIA explicitly classifies private,https://nasia.gov.gh/nasiadashboard/api.php?action=licensing_detail&id=964,https://nasia.gov.gh/nasiadashboard/api.php?action=licensing_detail&id=964,,2026-09-28,Published address; mailbox and current role unconfirmed,,,VSS-0435,3,5,13:00,Not sent,Public contact; outreach preference unconfirmed,,,,Not joined,No
768,ADVENTIST PREPARATORY SCHOOL - SANTASI,Ashanti,KUMASI METROPOLITAN,KUMASI,KG PRI JHS,Private basic school,jamesagyeim1962@gmail.com,jamesagyeim1962@gmail.com,,,,,,,NaSIA explicitly classifies private,https://nasia.gov.gh/nasiadashboard/api.php?action=licensing_detail&id=768,https://nasia.gov.gh/nasiadashboard/api.php?action=licensing_detail&id=768,,2026-09-28,Published address; mailbox and current role unconfirmed,,,VSS-0436,3,5,13:00,Not sent,Public contact; outreach preference unconfirmed,,,,Not joined,No
1278,AGAPE INTERNATIONAL SCHOOL & JHS,Ashanti,KUMASI METROPOLITAN,KUMASI,KG PRI JHS,Private basic school,agapeint@gmail.com,agapeint@gmail.com,,,,,,,NaSIA explicitly classifies private,https://nasia.gov.gh/nasiadashboard/api.php?action=licensing_detail&id=1278,https://nasia.gov.gh/nasiadashboard/api.php?action=licensing_detail&id=1278,,2026-09-28,Published address; mailbox and current role unconfirmed,,,VSS-0437,3,5,13:00,Not sent,Public contact; outreach preference unconfirmed,,,,Not joined,No
767,AL-MAHAD PREPARATORY SCHOOL,Ashanti,KUMASI METROPOLITAN,KUMASI,KG PRI JHS,Private basic school,sulaimanfaaizabdulmalik@gmail.com,sulaimanfaaizabdulmalik@gmail.com,,,,,,,NaSIA explicitly classifies private,https://nasia.gov.gh/nasiadashboard/api.php?action=licensing_detail&id=767,https://nasia.gov.gh/nasiadashboard/api.php?action=licensing_detail&id=767,,2026-09-28,Published address; mailbox and current role unconfirmed,,,VSS-0438,3,5,13:00,Not sent,Public contact; outreach preference unconfirmed,,,,Not joined,No
766,ALDERSGATE METHODIST PREPARATORY SCHOOL,Ashanti,KUMASI METROPOLITAN,KUMASI,KG PRI JHS,Private basic school,oseialexander0247929489@gmail.com,oseialexander0247929489@gmail.com,,,,,,,NaSIA explicitly classifies private,https://nasia.gov.gh/nasiadashboard/api.php?action=licensing_detail&id=766,https://nasia.gov.gh/nasiadashboard/api.php?action=licensing_detail&id=766,,2026-09-28,Published address; mailbox and current role unconfirmed,,,VSS-0439,3,5,13:00,Not sent,Public contact; outreach preference unconfirmed,,,,Not joined,No
831,"ANIWAA SWEET HOME ACADEMY - ATONSU BUKRO, LAST STOP",Ashanti,KUMASI METROPOLITAN,"ATONSU BUKRO, LAST STOP",KG PRI,Private basic school,aniwaasweethome@gmail.com,aniwaasweethome@gmail.com,,,,,,,NaSIA explicitly classifies private,https://nasia.gov.gh/nasiadashboard/api.php?action=licensing_detail&id=831,https://nasia.gov.gh/nasiadashboard/api.php?action=licensing_detail&id=831,,2026-09-28,Published address; mailbox and current role unconfirmed,,,VSS-0440,3,5,13:00,Not sent,Public contact; outreach preference unconfirmed,,,,Not joined,No
331,APOSTOLIC GOLDEN JUBILEE SCHOOL,Ashanti,KUMASI METROPOLITAN,ASHTOWN - KUMASI,KG PRI JHS,Private basic school,nimoakwasi64@gmail.com,nimoakwasi64@gmail.com,,,,,,,NaSIA explicitly classifies private,https://nasia.gov.gh/nasiadashboard/api.php?action=licensing_detail&id=331,https://nasia.gov.gh/nasiadashboard/api.php?action=licensing_detail&id=331,,2026-09-28,Published address; mailbox and current role unconfirmed,,,VSS-0441,3,5,13:00,Not sent,Public contact; outreach preference unconfirmed,,,,Not joined,No
617,BANTAMA CHURCH OF CHRIST SCHOOL,Ashanti,KUMASI METROPOLITAN,KUMASI,KG PRI JHS,Private basic school,bcocs2000@gmail.com,bcocs2000@gmail.com,,,,,,,NaSIA explicitly classifies private,https://nasia.gov.gh/nasiadashboard/api.php?action=licensing_detail&id=617,https://nasia.gov.gh/nasiadashboard/api.php?action=licensing_detail&id=617,,2026-09-28,Published address; mailbox and current role unconfirmed,,,VSS-0442,3,5,13:00,Not sent,Public contact; outreach preference unconfirmed,,,,Not joined,No
815,BETHEL EMMANUEL INTERNATIONAL SCHOOL,Ashanti,KUMASI METROPOLITAN,KUMASI,KG PRI JHS,Private basic school,bethel.emmanuelintschool@gmail.com,bethel.emmanuelintschool@gmail.com,,,,,,,NaSIA explicitly classifies private,https://nasia.gov.gh/nasiadashboard/api.php?action=licensing_detail&id=815,https://nasia.gov.gh/nasiadashboard/api.php?action=licensing_detail&id=815,,2026-09-28,Published address; mailbox and current role unconfirmed,,,VSS-0443,3,5,13:00,Not sent,Public contact; outreach preference unconfirmed,,,,Not joined,No
523,BRAIN CHILD ACADEMY - ADUMANU,Ashanti,KUMASI METROPOLITAN,KUMASI,KG PRI JHS,Private basic school,okyereseth103@gmail.com,okyereseth103@gmail.com,,,,,,,NaSIA explicitly classifies private,https://nasia.gov.gh/nasiadashboard/api.php?action=licensing_detail&id=523,https://nasia.gov.gh/nasiadashboard/api.php?action=licensing_detail&id=523,,2026-09-28,Published address; mailbox and current role unconfirmed,,,VSS-0444,3,5,13:00,Not sent,Public contact; outreach preference unconfirmed,,,,Not joined,No
488,CALL OF HOPE INTERNATIONAL SCHOOL,Ashanti,KUMASI METROPOLITAN,KUMASI,KG PRI JHS,Private basic school,yeboahernest068@gmail.com,yeboahernest068@gmail.com,,,,,,,NaSIA explicitly classifies private,https://nasia.gov.gh/nasiadashboard/api.php?action=licensing_detail&id=488,https://nasia.gov.gh/nasiadashboard/api.php?action=licensing_detail&id=488,,2026-09-28,Published address; mailbox and current role unconfirmed,,,VSS-0445,3,5,13:00,Not sent,Public contact; outreach preference unconfirmed,,,,Not joined,No
1011,CHRIST FOUNDATION ACADEMY,Ashanti,KUMASI METROPOLITAN,KUMASI,KG PRI JHS,Private basic school,kobbyasirifi1999@gmail.com,kobbyasirifi1999@gmail.com,,,,,,,NaSIA explicitly classifies private,https://nasia.gov.gh/nasiadashboard/api.php?action=licensing_detail&id=1011,https://nasia.gov.gh/nasiadashboard/api.php?action=licensing_detail&id=1011,,2026-09-28,Published address; mailbox and current role unconfirmed,,,VSS-0446,3,5,13:00,Not sent,Public contact; outreach preference unconfirmed,,,,Not joined,No
519,CITADEL ACADEMY - ADOATO KUMASI,Ashanti,KUMASI METROPOLITAN,KUMASI,KG PRI JHS,Private basic school,iamtheboss4@gmail.com,iamtheboss4@gmail.com,,,,,,,NaSIA explicitly classifies private,https://nasia.gov.gh/nasiadashboard/api.php?action=licensing_detail&id=519,https://nasia.gov.gh/nasiadashboard/api.php?action=licensing_detail&id=519,,2026-09-28,Published address; mailbox and current role unconfirmed,,,VSS-0447,3,5,13:00,Not sent,Public contact; outreach preference unconfirmed,,,,Not joined,No
682,DIVINE STARS EDUCATIONAL COMPLEX,Ashanti,KUMASI METROPOLITAN,KUMASI,KG PRI JHS,Private basic school,idivinestars@gmail.com,idivinestars@gmail.com,,,,,,,NaSIA explicitly classifies private,https://nasia.gov.gh/nasiadashboard/api.php?action=licensing_detail&id=682,https://nasia.gov.gh/nasiadashboard/api.php?action=licensing_detail&id=682,,2026-09-28,Published address; mailbox and current role unconfirmed,,,VSS-0448,3,5,13:00,Not sent,Public contact; outreach preference unconfirmed,,,,Not joined,No
619,GLORIOUS STARS INTERNATIONAL SCHOOL,Ashanti,KUMASI METROPOLITAN,KUMASI,KG PRI JHS,Private basic school,joanadanquah8@gmail.com,joanadanquah8@gmail.com,,,,,,,NaSIA explicitly classifies private,https://nasia.gov.gh/nasiadashboard/api.php?action=licensing_detail&id=619,https://nasia.gov.gh/nasiadashboard/api.php?action=licensing_detail&id=619,,2026-09-28,Published address; mailbox and current role unconfirmed,,,VSS-0449,3,5,13:00,Not sent,Public contact; outreach preference unconfirmed,,,,Not joined,No
1135,GOLDEN STATE ACADEMY,Ashanti,KUMASI METROPOLITAN,KUMASI,KG PRI JHS,Private basic school,boakyeluke@gmail.com,boakyeluke@gmail.com,,,,,,,NaSIA explicitly classifies private,https://nasia.gov.gh/nasiadashboard/api.php?action=licensing_detail&id=1135,https://nasia.gov.gh/nasiadashboard/api.php?action=licensing_detail&id=1135,,2026-09-28,Published address; mailbox and current role unconfirmed,,,VSS-0450,3,5,13:00,Not sent,Public contact; outreach preference unconfirmed,,,,Not joined,No
395,GREAT ROCK OF AGES INTERNATIONAL SCHOOL- BUOKROM ESTATE,Ashanti,KUMASI METROPOLITAN,BUOKROM ESTATE,KG PRI JHS,Private basic school,greatrock41@yahoo.com,greatrock41@yahoo.com,,,,,,,NaSIA explicitly classifies private,https://nasia.gov.gh/nasiadashboard/api.php?action=licensing_detail&id=395,https://nasia.gov.gh/nasiadashboard/api.php?action=licensing_detail&id=395,,2026-09-28,Published address; mailbox and current role unconfirmed,,,VSS-0451,3,5,13:00,Not sent,Public contact; outreach preference unconfirmed,,,,Not joined,No
618,HARVESTERS INTERNATIONAL SCHOOL /JHS,Ashanti,KUMASI METROPOLITAN,KUMASI,KG PRI JHS,Private basic school,victoranning4@gmail.com,victoranning4@gmail.com,,,,,,,NaSIA explicitly classifies private,https://nasia.gov.gh/nasiadashboard/api.php?action=licensing_detail&id=618,https://nasia.gov.gh/nasiadashboard/api.php?action=licensing_detail&id=618,,2026-09-28,Published address; mailbox and current role unconfirmed,,,VSS-0452,3,5,13:00,Not sent,Public contact; outreach preference unconfirmed,,,,Not joined,No
816,KIDS PRIDE ACADEMY,Ashanti,KUMASI METROPOLITAN,KUMASI,KG PRI JHS,Private basic school,oseitutusch21@gmail.com,oseitutusch21@gmail.com,,,,,,,NaSIA explicitly classifies private,https://nasia.gov.gh/nasiadashboard/api.php?action=licensing_detail&id=816,https://nasia.gov.gh/nasiadashboard/api.php?action=licensing_detail&id=816,,2026-09-28,Published address; mailbox and current role unconfirmed,,,VSS-0453,3,5,13:00,Not sent,Public contact; outreach preference unconfirmed,,,,Not joined,No
1013,KING JESUS EDUCATIONAL COMPLEX,Ashanti,KUMASI METROPOLITAN,KUMASI,KG PRI JHS,Private basic school,mehlraad12018@gmail.com,mehlraad12018@gmail.com,,,,,,,NaSIA explicitly classifies private,https://nasia.gov.gh/nasiadashboard/api.php?action=licensing_detail&id=1013,https://nasia.gov.gh/nasiadashboard/api.php?action=licensing_detail&id=1013,,2026-09-28,Published address; mailbox and current role unconfirmed,,,VSS-0454,3,5,13:00,Not sent,Public contact; outreach preference unconfirmed,,,,Not joined,No
1016,KINGS INTERNATIONAL SCHOOL,Ashanti,KUMASI METROPOLITAN,KUMASI,KG PRI JHS,Private basic school,gidedstone30208@gmail.com,gidedstone30208@gmail.com,,,,,,,NaSIA explicitly classifies private,https://nasia.gov.gh/nasiadashboard/api.php?action=licensing_detail&id=1016,https://nasia.gov.gh/nasiadashboard/api.php?action=licensing_detail&id=1016,,2026-09-28,Published address; mailbox and current role unconfirmed,,,VSS-0455,3,5,13:00,Not sent,Public contact; outreach preference unconfirmed,,,,Not joined,No
620,MAYGA KIDS SCHOOL,Ashanti,KUMASI METROPOLITAN,KUMASI,KG PRI JHS,Private basic school,latifntim@gmail.com,latifntim@gmail.com,,,,,,,NaSIA explicitly classifies private,https://nasia.gov.gh/nasiadashboard/api.php?action=licensing_detail&id=620,https://nasia.gov.gh/nasiadashboard/api.php?action=licensing_detail&id=620,,2026-09-28,Published address; mailbox and current role unconfirmed,,,VSS-0456,3,5,13:00,Not sent,Public contact; outreach preference unconfirmed,,,,Not joined,No
966,MODERN LITTLE STAR SCHOOL,Ashanti,KUMASI METROPOLITAN,KUMASI,KG PRI JHS,Private basic school,rtwum10@yahoo.com,rtwum10@yahoo.com,,,,,,,NaSIA explicitly classifies private,https://nasia.gov.gh/nasiadashboard/api.php?action=licensing_detail&id=966,https://nasia.gov.gh/nasiadashboard/api.php?action=licensing_detail&id=966,,2026-09-28,Published address; mailbox and current role unconfirmed,,,VSS-0457,3,5,13:00,Not sent,Public contact; outreach preference unconfirmed,,,,Not joined,No
520,MORNING STAR ACADEMY - ADOATO KUMASI,Ashanti,KUMASI METROPOLITAN,KUMASI,KG PRI JHS,Private basic school,morningstaracademy2@gmail.com,morningstaracademy2@gmail.com,,,,,,,NaSIA explicitly classifies private,https://nasia.gov.gh/nasiadashboard/api.php?action=licensing_detail&id=520,https://nasia.gov.gh/nasiadashboard/api.php?action=licensing_detail&id=520,,2026-09-28,Published address; mailbox and current role unconfirmed,,,VSS-0458,3,5,13:00,Not sent,Public contact; outreach preference unconfirmed,,,,Not joined,No
396,MOTHER'S AND GUARDIAN'S CHOICE PREPARATORY SCHOOL - NEW SITE,Ashanti,KUMASI METROPOLITAN,TAFO NHYIAESO,KG PRI,Private basic school,nimovivian99@gmail.com,nimovivian99@gmail.com,,,,,,,NaSIA explicitly classifies private,https://nasia.gov.gh/nasiadashboard/api.php?action=licensing_detail&id=396,https://nasia.gov.gh/nasiadashboard/api.php?action=licensing_detail&id=396,,2026-09-28,Published address; mailbox and current role unconfirmed,,,VSS-0459,3,5,13:00,Not sent,Public contact; outreach preference unconfirmed,,,,Not joined,No
330,MOTHER'S AND GUARDIAN'S CHOICE PREPARATORY SCHOOL - OLD SITE,Ashanti,KUMASI METROPOLITAN,MOSHIE ZONGO,KG PRI JHS,Private basic school,motherschoice2000@gmail.com,motherschoice2000@gmail.com,,,,,,,NaSIA explicitly classifies private,https://nasia.gov.gh/nasiadashboard/api.php?action=licensing_detail&id=330,https://nasia.gov.gh/nasiadashboard/api.php?action=licensing_detail&id=330,,2026-09-28,Published address; mailbox and current role unconfirmed,,,VSS-0460,3,6,14:00,Not sent,Public contact; outreach preference unconfirmed,,,,Not joined,No
769,NEWHAM ACADEMY - DICHEMSO,Ashanti,KUMASI METROPOLITAN,KUMASI,KG PRI JHS,Private basic school,newhamacademy06@gmail.com,newhamacademy06@gmail.com,,,,,,,NaSIA explicitly classifies private,https://nasia.gov.gh/nasiadashboard/api.php?action=licensing_detail&id=769,https://nasia.gov.gh/nasiadashboard/api.php?action=licensing_detail&id=769,,2026-09-28,Published address; mailbox and current role unconfirmed,,,VSS-0461,3,6,14:00,Not sent,Public contact; outreach preference unconfirmed,,,,Not joined,No
765,NICHEXCEL COMMUNITY SCHOOL - SEPE BUOKROM,Ashanti,KUMASI METROPOLITAN,KUMASI,KG PRI JHS,Private basic school,excelcommsch@gmail.com,excelcommsch@gmail.com,,,,,,,NaSIA explicitly classifies private,https://nasia.gov.gh/nasiadashboard/api.php?action=licensing_detail&id=765,https://nasia.gov.gh/nasiadashboard/api.php?action=licensing_detail&id=765,,2026-09-28,Published address; mailbox and current role unconfirmed,,,VSS-0462,3,6,14:00,Not sent,Public contact; outreach preference unconfirmed,,,,Not joined,No
725,NURTURED ROYALS COMMUNITY SCHOOL,Ashanti,KUMASI METROPOLITAN,KUMASI,KG PRI JHS,Private basic school,nurturedroyalscommunityschool@gmail.com,nurturedroyalscommunityschool@gmail.com,,,,,,,NaSIA explicitly classifies private,https://nasia.gov.gh/nasiadashboard/api.php?action=licensing_detail&id=725,https://nasia.gov.gh/nasiadashboard/api.php?action=licensing_detail&id=725,,2026-09-28,Published address; mailbox and current role unconfirmed,,,VSS-0463,3,6,14:00,Not sent,Public contact; outreach preference unconfirmed,,,,Not joined,No
728,OKODIE BUSY BEES EDUCATIONAL COMPLEX,Ashanti,KUMASI METROPOLITAN,KUMASI,KG PRI,Private basic school,agyeir616@gmail.com,agyeir616@gmail.com,,,,,,,NaSIA explicitly classifies private,https://nasia.gov.gh/nasiadashboard/api.php?action=licensing_detail&id=728,https://nasia.gov.gh/nasiadashboard/api.php?action=licensing_detail&id=728,,2026-09-28,Published address; mailbox and current role unconfirmed,,,VSS-0464,3,6,14:00,Not sent,Public contact; outreach preference unconfirmed,,,,Not joined,No
615,PENTECOST PRIVATE SCHOOL,Ashanti,KUMASI METROPOLITAN,KUMASI,KG PRI JHS,Private basic school,edmundasiedusarpong@gmail.com,edmundasiedusarpong@gmail.com,,,,,,,NaSIA explicitly classifies private,https://nasia.gov.gh/nasiadashboard/api.php?action=licensing_detail&id=615,https://nasia.gov.gh/nasiadashboard/api.php?action=licensing_detail&id=615,,2026-09-28,Published address; mailbox and current role unconfirmed,,,VSS-0465,3,6,14:00,Not sent,Public contact; outreach preference unconfirmed,,,,Not joined,No
713,"PRAISE BAPTIST PREPARATORY/JHS - ATONSU, S - LINE",Ashanti,KUMASI METROPOLITAN,"ATONSU, S-LINE",KG PRI JHS,Private basic school,praisebaptist2@gmail.com,praisebaptist2@gmail.com,,,,,,,NaSIA explicitly classifies private,https://nasia.gov.gh/nasiadashboard/api.php?action=licensing_detail&id=713,https://nasia.gov.gh/nasiadashboard/api.php?action=licensing_detail&id=713,,2026-09-28,Published address; mailbox and current role unconfirmed,,,VSS-0466,3,6,14:00,Not sent,Public contact; outreach preference unconfirmed,,,,Not joined,No
524,PRESBYTERIAN INTERNATIONAL SCHOOL COMPLEX - BOHYEN,Ashanti,KUMASI METROPOLITAN,KUMASI,KG PRI JHS,Private basic school,ketekumaxwell@gmail.com,ketekumaxwell@gmail.com,,,,,,,NaSIA explicitly classifies private,https://nasia.gov.gh/nasiadashboard/api.php?action=licensing_detail&id=524,https://nasia.gov.gh/nasiadashboard/api.php?action=licensing_detail&id=524,,2026-09-28,Published address; mailbox and current role unconfirmed,,,VSS-0467,3,6,14:00,Not sent,Public contact; outreach preference unconfirmed,,,,Not joined,No
1137,PRINCETON KINGS ACADEMY,Ashanti,KUMASI METROPOLITAN,KUMASI,KG PRI JHS,Private basic school,princetonkingsacademy@gmail.com,princetonkingsacademy@gmail.com,,,,,,,NaSIA explicitly classifies private,https://nasia.gov.gh/nasiadashboard/api.php?action=licensing_detail&id=1137,https://nasia.gov.gh/nasiadashboard/api.php?action=licensing_detail&id=1137,,2026-09-28,Published address; mailbox and current role unconfirmed,,,VSS-0468,3,6,14:00,Not sent,Public contact; outreach preference unconfirmed,,,,Not joined,No
963,PRINCEWILL ACADEMY,Ashanti,KUMASI METROPOLITAN,KUMASI,KG PRI JHS,Private basic school,alayunandrew@gmail.com,alayunandrew@gmail.com,,,,,,,NaSIA explicitly classifies private,https://nasia.gov.gh/nasiadashboard/api.php?action=licensing_detail&id=963,https://nasia.gov.gh/nasiadashboard/api.php?action=licensing_detail&id=963,,2026-09-28,Published address; mailbox and current role unconfirmed,,,VSS-0469,3,6,14:00,Not sent,Public contact; outreach preference unconfirmed,,,,Not joined,No
1132,PROGRESSIVE SHALOM INTERNATIONAL /JHS - NEW SITE,Ashanti,KUMASI METROPOLITAN,KUMASI,KG PRI JHS,Private basic school,appiaduemmanuel20@gmail.com,appiaduemmanuel20@gmail.com,,,,,,,NaSIA explicitly classifies private,https://nasia.gov.gh/nasiadashboard/api.php?action=licensing_detail&id=1132,https://nasia.gov.gh/nasiadashboard/api.php?action=licensing_detail&id=1132,,2026-09-28,Published address; mailbox and current role unconfirmed,,,VSS-0470,3,6,14:00,Not sent,Public contact; outreach preference unconfirmed,,,,Not joined,No
469,RAPID ACADEMY,Ashanti,KUMASI METROPOLITAN,KUMASI,KG PRI JHS,Private basic school,adubismark987@gmail.com,adubismark987@gmail.com,,,,,,,NaSIA explicitly classifies private,https://nasia.gov.gh/nasiadashboard/api.php?action=licensing_detail&id=469,https://nasia.gov.gh/nasiadashboard/api.php?action=licensing_detail&id=469,,2026-09-28,Published address; mailbox and current role unconfirmed,,,VSS-0471,3,6,14:00,Not sent,Public contact; outreach preference unconfirmed,,,,Not joined,No
868,ST. AGNES BRAINY SCHOOL - NCS,Ashanti,KUMASI METROPOLITAN,KUMASI,KG PRI,Private basic school,ophelia.safo@yahoo.co.uk,ophelia.safo@yahoo.co.uk,,,,,,,NaSIA explicitly classifies private,https://nasia.gov.gh/nasiadashboard/api.php?action=licensing_detail&id=868,https://nasia.gov.gh/nasiadashboard/api.php?action=licensing_detail&id=868,,2026-09-28,Published address; mailbox and current role unconfirmed,,,VSS-0472,3,6,14:00,Not sent,Public contact; outreach preference unconfirmed,,,,Not joined,No
494,ST. MARCELLIN CHAMPAGNAT SCHOOL,Ashanti,KUMASI METROPOLITAN,KUMASI,KG PRI JHS,Private basic school,john.kusimensah@yahoo.com,john.kusimensah@yahoo.com,,,,,,,NaSIA explicitly classifies private,https://nasia.gov.gh/nasiadashboard/api.php?action=licensing_detail&id=494,https://nasia.gov.gh/nasiadashboard/api.php?action=licensing_detail&id=494,,2026-09-28,Published address; mailbox and current role unconfirmed,,,VSS-0473,3,6,14:00,Not sent,Public contact; outreach preference unconfirmed,,,,Not joined,No
726,ST. PAUL'S M /Z JUNIOR HIGH SCHOOL,Ashanti,KUMASI METROPOLITAN,KUMASI,KG PRI JHS,Private basic school,godwinaniah98@gmail.com,godwinaniah98@gmail.com,,,,,,,NaSIA explicitly classifies private,https://nasia.gov.gh/nasiadashboard/api.php?action=licensing_detail&id=726,https://nasia.gov.gh/nasiadashboard/api.php?action=licensing_detail&id=726,,2026-09-28,Published address; mailbox and current role unconfirmed,,,VSS-0474,3,6,14:00,Not sent,Public contact; outreach preference unconfirmed,,,,Not joined,No
521,SUFFICIENT GRACE SCHOOL - ADOATO KUMASI,Ashanti,KUMASI METROPOLITAN,KUMASI,KG PRI JHS,Private basic school,ndntori@gmail.com,ndntori@gmail.com,,,,,,,NaSIA explicitly classifies private,https://nasia.gov.gh/nasiadashboard/api.php?action=licensing_detail&id=521,https://nasia.gov.gh/nasiadashboard/api.php?action=licensing_detail&id=521,,2026-09-28,Published address; mailbox and current role unconfirmed,,,VSS-0475,3,6,14:00,Not sent,Public contact; outreach preference unconfirmed,,,,Not joined,No
727,THE BRIANIAC STEP ACADEMY,Ashanti,KUMASI METROPOLITAN,KUMASI,KG PRI JHS,Private basic school,amoahsamil6@gmail.com,amoahsamil6@gmail.com,,,,,,,NaSIA explicitly classifies private,https://nasia.gov.gh/nasiadashboard/api.php?action=licensing_detail&id=727,https://nasia.gov.gh/nasiadashboard/api.php?action=licensing_detail&id=727,,2026-09-28,Published address; mailbox and current role unconfirmed,,,VSS-0476,3,6,14:00,Not sent,Public contact; outreach preference unconfirmed,,,,Not joined,No
493,TRINITY FAITH EDUCATIONAL COMPLEX - NEW SITE,Ashanti,KUMASI METROPOLITAN,KUMASI,PRI JHS,Private basic school,jephthah.jude.j@gmil.com,jephthah.jude.j@gmil.com,,,,,,,NaSIA explicitly classifies private,https://nasia.gov.gh/nasiadashboard/api.php?action=licensing_detail&id=493,https://nasia.gov.gh/nasiadashboard/api.php?action=licensing_detail&id=493,,2026-09-28,Published address; mailbox and current role unconfirmed,,,VSS-0477,3,6,14:00,Not sent,Public contact; outreach preference unconfirmed,,,,Not joined,No
616,TRUE FAITH PREPARATORY /JHS,Ashanti,KUMASI METROPOLITAN,KUMASI,KG PRI JHS,Private basic school,tfps@gmail.com,tfps@gmail.com,,,,,,,NaSIA explicitly classifies private,https://nasia.gov.gh/nasiadashboard/api.php?action=licensing_detail&id=616,https://nasia.gov.gh/nasiadashboard/api.php?action=licensing_detail&id=616,,2026-09-28,Published address; mailbox and current role unconfirmed,,,VSS-0478,3,6,14:00,Not sent,Public contact; outreach preference unconfirmed,,,,Not joined,No
1012,TWENEBOAH KODUAH ROYAL ACADEMY,Ashanti,KUMASI METROPOLITAN,KUMASI,KG PRI JHS,Private basic school,tweneboahkoduahroyalacademy@gmail.com,tweneboahkoduahroyalacademy@gmail.com,,,,,,,NaSIA explicitly classifies private,https://nasia.gov.gh/nasiadashboard/api.php?action=licensing_detail&id=1012,https://nasia.gov.gh/nasiadashboard/api.php?action=licensing_detail&id=1012,,2026-09-28,Published address; mailbox and current role unconfirmed,,,VSS-0479,3,6,14:00,Not sent,Public contact; outreach preference unconfirmed,,,,Not joined,No
468,VERO OSAA MEMORIAL SCHOOL,Ashanti,KUMASI METROPOLITAN,,KG PRI JHS,Private basic school,veroosaamemorialschool@gmail.com,veroosaamemorialschool@gmail.com,,,,,,,NaSIA explicitly classifies private,https://nasia.gov.gh/nasiadashboard/api.php?action=licensing_detail&id=468,https://nasia.gov.gh/nasiadashboard/api.php?action=licensing_detail&id=468,,2026-09-28,Published address; mailbox and current role unconfirmed,,,VSS-0480,3,6,14:00,Not sent,Public contact; outreach preference unconfirmed,,,,Not joined,No
464,WORLD LIGHTERS SCHOOL SCHOOL,Ashanti,KUMASI METROPOLITAN,KUMASI,KG PRI JHS,Private basic school,wilslighters@gmail.com,wilslighters@gmail.com,,,,,,,NaSIA explicitly classifies private,https://nasia.gov.gh/nasiadashboard/api.php?action=licensing_detail&id=464,https://nasia.gov.gh/nasiadashboard/api.php?action=licensing_detail&id=464,,2026-09-28,Published address; mailbox and current role unconfirmed,,,VSS-0481,3,6,14:00,Not sent,Public contact; outreach preference unconfirmed,,,,Not joined,No
489,YENYAWOSO ANYAANO ADVENTIST PREPARATORY SCHOOL,Ashanti,KUMASI METROPOLITAN,KUMASI,KG PRI JHS,Private basic school,davidboafo508@gmail.com,davidboafo508@gmail.com,,,,,,,NaSIA explicitly classifies private,https://nasia.gov.gh/nasiadashboard/api.php?action=licensing_detail&id=489,https://nasia.gov.gh/nasiadashboard/api.php?action=licensing_detail&id=489,,2026-09-28,Published address; mailbox and current role unconfirmed,,,VSS-0482,3,6,14:00,Not sent,Public contact; outreach preference unconfirmed,,,,Not joined,No
1194,NOTRE-DAME SCHOOL KENYASE,Ashanti,KWABRE EAST,KENYASE,KG PRI JHS,Private basic school,glorianaa39@gmail.com,glorianaa39@gmail.com,,,,,,,NaSIA explicitly classifies private,https://nasia.gov.gh/nasiadashboard/api.php?action=licensing_detail&id=1194,https://nasia.gov.gh/nasiadashboard/api.php?action=licensing_detail&id=1194,,2026-09-28,Published address; mailbox and current role unconfirmed,,,VSS-0483,3,6,14:00,Not sent,Public contact; outreach preference unconfirmed,,,,Not joined,No
679,ASPIRE ROYALS ACADEMY,Ashanti,KWADASO,KUMASI,KG PRI JHS,Private basic school,collinsowusuamofa@gmail.com,collinsowusuamofa@gmail.com,,,,,,,NaSIA explicitly classifies private,https://nasia.gov.gh/nasiadashboard/api.php?action=licensing_detail&id=679,https://nasia.gov.gh/nasiadashboard/api.php?action=licensing_detail&id=679,,2026-09-28,Published address; mailbox and current role unconfirmed,,,VSS-0484,3,6,14:00,Not sent,Public contact; outreach preference unconfirmed,,,,Not joined,No
681,CAMZIA ACADEMY - ATWIMA TAKYIMAN,Ashanti,KWADASO,KUMASI,KG PRI,Private basic school,okyeredarko40@gmail.com,okyeredarko40@gmail.com,,,,,,,NaSIA explicitly classifies private,https://nasia.gov.gh/nasiadashboard/api.php?action=licensing_detail&id=681,https://nasia.gov.gh/nasiadashboard/api.php?action=licensing_detail&id=681,,2026-09-28,Published address; mailbox and current role unconfirmed,,,VSS-0485,3,7,15:00,Not sent,Public contact; outreach preference unconfirmed,,,,Not joined,No
1184,CARING HANDS ACADEMY,Ashanti,KWADASO,KUMASI,KG PRI,Private basic school,yawnyante@gmail.com,yawnyante@gmail.com,,,,,,,NaSIA explicitly classifies private,https://nasia.gov.gh/nasiadashboard/api.php?action=licensing_detail&id=1184,https://nasia.gov.gh/nasiadashboard/api.php?action=licensing_detail&id=1184,,2026-09-28,Published address; mailbox and current role unconfirmed,,,VSS-0486,3,7,15:00,Not sent,Public contact; outreach preference unconfirmed,,,,Not joined,No
466,FST JUBILEE CRECHE (MARTYRS OF UGANDA JUBILEE),Ashanti,KWADASO,KUMASI,KG PRI,Private basic school,revsista777@gmail.com,revsista777@gmail.com,,,,,,,NaSIA explicitly classifies private,https://nasia.gov.gh/nasiadashboard/api.php?action=licensing_detail&id=466,https://nasia.gov.gh/nasiadashboard/api.php?action=licensing_detail&id=466,,2026-09-28,Published address; mailbox and current role unconfirmed,,,VSS-0487,3,7,15:00,Not sent,Public contact; outreach preference unconfirmed,,,,Not joined,No
467,MARTYRS OF UGANDA JUBILEE SCHOOL,Ashanti,KWADASO,KUMASI,KG PRI JHS,Private basic school,ankomahcecilia65@gmail.com,ankomahcecilia65@gmail.com,,,,,,,NaSIA explicitly classifies private,https://nasia.gov.gh/nasiadashboard/api.php?action=licensing_detail&id=467,https://nasia.gov.gh/nasiadashboard/api.php?action=licensing_detail&id=467,,2026-09-28,Published address; mailbox and current role unconfirmed,,,VSS-0488,3,7,15:00,Not sent,Public contact; outreach preference unconfirmed,,,,Not joined,No
680,PRINCE OF ZION ACADEMY,Ashanti,KWADASO,KUMASI,KG PRI JHS,Private basic school,bbanointed@yahoo.com,bbanointed@yahoo.com,,,,,,,NaSIA explicitly classifies private,https://nasia.gov.gh/nasiadashboard/api.php?action=licensing_detail&id=680,https://nasia.gov.gh/nasiadashboard/api.php?action=licensing_detail&id=680,,2026-09-28,Published address; mailbox and current role unconfirmed,,,VSS-0489,3,7,15:00,Not sent,Public contact; outreach preference unconfirmed,,,,Not joined,No
495,QUEEN WILHELMINA EDUCATIONAL COMPLEX,Ashanti,KWADASO,KUMASI,KG PRI JHS,Private basic school,emmoan45@gmail.com,emmoan45@gmail.com,,,,,,,NaSIA explicitly classifies private,https://nasia.gov.gh/nasiadashboard/api.php?action=licensing_detail&id=495,https://nasia.gov.gh/nasiadashboard/api.php?action=licensing_detail&id=495,,2026-09-28,Published address; mailbox and current role unconfirmed,,,VSS-0490,3,7,15:00,Not sent,Public contact; outreach preference unconfirmed,,,,Not joined,No
895,ST. GABRIEL'S DAYSPRINGS SCHOOL,Ashanti,KWADASO,KUMASI,KG PRI JHS,Private basic school,betsyowusu@gmail.com,betsyowusu@gmail.com,,,,,,,NaSIA explicitly classifies private,https://nasia.gov.gh/nasiadashboard/api.php?action=licensing_detail&id=895,https://nasia.gov.gh/nasiadashboard/api.php?action=licensing_detail&id=895,,2026-09-28,Published address; mailbox and current role unconfirmed,,,VSS-0491,3,7,15:00,Not sent,Public contact; outreach preference unconfirmed,,,,Not joined,No
465,THE CHILDREN'S VINEYARD,Ashanti,KWADASO,KUMASI,KG PRI JHS,Private basic school,mummysistaama88@gmail.com,mummysistaama88@gmail.com,,,,,,,NaSIA explicitly classifies private,https://nasia.gov.gh/nasiadashboard/api.php?action=licensing_detail&id=465,https://nasia.gov.gh/nasiadashboard/api.php?action=licensing_detail&id=465,,2026-09-28,Published address; mailbox and current role unconfirmed,,,VSS-0492,3,7,15:00,Not sent,Public contact; outreach preference unconfirmed,,,,Not joined,No
332,E - COMPLEX SCHOOLS,Ashanti,OBUASI,NYAMESO - OBUASI,KG PRI,Private basic school,ecomplexschools19@yahoo.com,ecomplexschools19@yahoo.com,,,,,,,NaSIA explicitly classifies private,https://nasia.gov.gh/nasiadashboard/api.php?action=licensing_detail&id=332,https://nasia.gov.gh/nasiadashboard/api.php?action=licensing_detail&id=332,,2026-09-28,Published address; mailbox and current role unconfirmed,,,VSS-0493,3,7,15:00,Not sent,Public contact; outreach preference unconfirmed,,,,Not joined,No
1223,EAGLE EYE UNIVERSAL ACADEMY,Ashanti,OBUASI,OBUASI,KG PRI JHS,Private basic school,info@eagleeyeschool.org,info@eagleeyeschool.org,,,,,,,NaSIA explicitly classifies private,https://nasia.gov.gh/nasiadashboard/api.php?action=licensing_detail&id=1223,https://nasia.gov.gh/nasiadashboard/api.php?action=licensing_detail&id=1223,,2026-09-28,Published address; mailbox and current role unconfirmed,,,VSS-0494,3,7,15:00,Not sent,Public contact; outreach preference unconfirmed,,,,Not joined,No
761,GOD'S LOVE ACADEMY- BOGOBRI OBUASI,Ashanti,OBUASI,BOGOBRI - OBUASI,KG PRI JHS,Private basic school,abioppongbema@gmail.com,abioppongbema@gmail.com,,,,,,,NaSIA explicitly classifies private,https://nasia.gov.gh/nasiadashboard/api.php?action=licensing_detail&id=761,https://nasia.gov.gh/nasiadashboard/api.php?action=licensing_detail&id=761,,2026-09-28,Published address; mailbox and current role unconfirmed,,,VSS-0495,3,7,15:00,Not sent,Public contact; outreach preference unconfirmed,,,,Not joined,No
714,GRENEHYLL SCHOOL,Ashanti,OBUASI,GAUSU EXTENSION - OBUASI,KG PRI JHS,Private basic school,administrator@grenehyll.net,administrator@grenehyll.net,,,,,,ŵww.grenehyllschoo.com,NaSIA explicitly classifies private,https://nasia.gov.gh/nasiadashboard/api.php?action=licensing_detail&id=714,https://nasia.gov.gh/nasiadashboard/api.php?action=licensing_detail&id=714,,2026-09-28,Published address; mailbox and current role unconfirmed,,,VSS-0496,3,7,15:00,Not sent,Public contact; outreach preference unconfirmed,,,,Not joined,No
716,INFINITY SUCCESS ACADEMY,Ashanti,OBUASI,BOGOBRI - OBUASI,KG PRI JHS,Private basic school,mail@infinitysuccess.com,mail@infinitysuccess.com,,,,,,https:/infinitysuccess.org,NaSIA explicitly classifies private,https://nasia.gov.gh/nasiadashboard/api.php?action=licensing_detail&id=716,https://nasia.gov.gh/nasiadashboard/api.php?action=licensing_detail&id=716,,2026-09-28,Published address; mailbox and current role unconfirmed,,,VSS-0497,3,7,15:00,Not sent,Public contact; outreach preference unconfirmed,,,,Not joined,No
1226,KRISTODEA INTERNATIONAL SCHOOL,Ashanti,OBUASI,KULEM- OBUASI,KG PRI,Private basic school,emelianyameah@gmail.com,emelianyameah@gmail.com,,,,,,,NaSIA explicitly classifies private,https://nasia.gov.gh/nasiadashboard/api.php?action=licensing_detail&id=1226,https://nasia.gov.gh/nasiadashboard/api.php?action=licensing_detail&id=1226,,2026-09-28,Published address; mailbox and current role unconfirmed,,,VSS-0498,3,7,15:00,Not sent,Public contact; outreach preference unconfirmed,,,,Not joined,No
624,LITTLE FLOWER SCHOOL,Ashanti,OBUASI,BIDIEM - OBUASI,KG PRI,Private basic school,cdanks18@gmail.com,cdanks18@gmail.com,,,,,,,NaSIA explicitly classifies private,https://nasia.gov.gh/nasiadashboard/api.php?action=licensing_detail&id=624,https://nasia.gov.gh/nasiadashboard/api.php?action=licensing_detail&id=624,,2026-09-28,Published address; mailbox and current role unconfirmed,,,VSS-0499,3,7,15:00,Not sent,Public contact; outreach preference unconfirmed,,,,Not joined,No
610,MOTHER'S LOVE KIDS SCHOOL COMPLEX,Ashanti,OBUASI,NEW BAAKOYEDEN - OBUASI,KG PRI JHS,Private basic school,kwaappiah@gmail.com,kwaappiah@gmail.com,,,,,,,NaSIA explicitly classifies private,https://nasia.gov.gh/nasiadashboard/api.php?action=licensing_detail&id=610,https://nasia.gov.gh/nasiadashboard/api.php?action=licensing_detail&id=610,,2026-09-28,Published address; mailbox and current role unconfirmed,,,VSS-0500,3,7,15:00,Not sent,Public contact; outreach preference unconfirmed,,,,Not joined,No
